Chain,AA,PSI,PHI
A,Q,158.44134334564436,-127.2674131227861
A,I,157.70461981774986,-139.9437310524239
A,F,97.19707399254288,-111.73174162626982
A,V,104.12926340975848,-86.62313344335061
A,K,122.01253334698423,-72.93627237694457
A,T,162.86204215262788,-67.97025519548576
A,L,-16.70620400947814,-62.44205445641303
A,T,-37.63565811903375,-71.84975622529399
A,G,22.493777952962056,107.82892878993063
A,K,108.44355978711089,-87.46337077579594
A,T,110.62336178563802,-79.61648043881218
A,I,113.67397546951065,-93.11446958028961
A,T,142.05689429124894,-85.57409432322676
A,L,155.72592461840986,-142.7341358695428
A,E,130.45097366416184,-106.36586464527664
A,V,-166.0829232148381,-143.3172754566042
A,E,151.3116437018326,-142.08664770649267
A,P,-24.11741330558126,-57.3250716740959
A,S,10.255602716616222,-96.95035146418446
A,D,128.12507310250783,-68.90747063888263
A,T,150.95956500405592,-73.6451625990545
A,I,-40.91994254557052,-53.52342667650154
A,E,-47.64809526868828,-53.95629526466855
A,N,-36.75097365730286,-71.922172524067
A,V,-51.01509299561477,-62.37395153848988
A,K,-35.736470580934984,-55.347862317053476
A,A,-38.25422434051508,-64.58063283255284
A,K,-36.63692046534126,-65.11621450631169
A,I,-42.90570100374754,-66.00007551047929
A,Q,-35.60492907829674,-58.74004726170671
A,D,-29.241872682632298,-67.31338350088294
A,K,-35.157212342618266,-94.59050825537756
A,E,-33.96337034071275,-110.8819438247136
A,G,24.80555703369569,92.15546323829774
A,I,128.0028604557063,-110.60372028229666
A,P,145.83061397447054,-58.36942340120442
A,P,-34.5951722458576,-63.67386927471447
A,D,-15.727258081122196,-64.60510172469554
A,Q,-8.586584346072986,-110.0705837592195
A,Q,150.23068116395532,-77.06282104893084
A,R,96.82721473239539,-125.45848825617257
A,L,134.24505210367383,-86.37538583370366
A,I,150.95064217192956,-124.42397497060948
A,F,117.69861080105095,-146.420198495312
A,A,25.073667932049666,53.89646330835253
A,G,-11.33823816450101,94.4190469217507
A,K,120.25389750596285,-84.50261056643323
A,Q,130.99223442044462,-76.91205013717125
A,L,160.78761996252965,-92.94284207476716
A,E,154.39454831868483,-120.23638282665547
A,D,-37.836775062375224,-54.344695874070624
A,G,8.606335221602771,-81.44186776595612
A,R,176.52283814107736,-116.43412173185192
A,T,166.9250044848385,-130.81082273922746
A,L,-44.58319112938923,-58.58481752670984
A,S,-33.36515823605348,-59.39425480566303
A,D,-24.032185557844947,-62.74757213771688
A,Y,6.109043965605574,-108.54757918063062
A,N,21.300157072462536,58.57547938724775
A,I,127.21179906400319,-67.88489333510132
A,Q,-166.8186142229177,-122.63741634910727
A,K,162.27915879114562,-61.98987182735508
A,E,48.61635273159489,42.781799515741014
A,S,161.83162220560862,-119.53700791221969
A,T,133.75455549025725,-115.22080302780103
A,L,175.29947299165164,-116.78039770615383
A,H,133.68472685385387,-133.99310917017064
A,L,125.15521111918584,-88.05840069932326
A,V,162.43316170040737,-131.22569562179683
A,L,149.03519692155226,-96.89506174984558
A,R,-21.23855252714808,-74.61604907278955
A,L,16.798389115445058,58.627338067742535
A,R,58.00358749224459,20.72864471994613
A,G,-14.463215717918034,-67.52356040262856
B,H,156.53813239862333,-151.27654606466402
B,M,48.56268999405423,40.02553709698797
B,D,-11.76172083754838,-72.82844010532844
B,E,135.70816640874682,-143.64308989478795
B,K,54.65604951101676,-152.90503703797964
B,I,131.66521595330335,-57.970557730270706
B,T,152.9758535576433,-134.1151746386934
B,F,83.54313165166754,-124.14635798097248
B,P,-174.40697793064794,-73.12437068777626
B,S,21.175423436350037,-63.738695052270096
B,D,-21.85892966292358,-135.85006163876474
B,I,128.32014445238136,-138.59227875923634
B,D,146.87665407787037,-134.60977306225593
B,P,-31.287941243288238,-53.62010783693909
B,Q,-50.823138824526204,-64.39443203856835
B,V,-33.23027315244152,-61.5918626541803
B,F,-38.792456025161876,-63.5012554307852
B,Y,-21.087817907214568,-73.67396277641568
B,E,-33.927860837696066,-98.69369400727841
B,L,168.81992599654777,-63.32310097544442
B,A,125.41164492321833,-49.76277343461879
B,E,-39.66199818062236,-56.24453953506983
B,A,-39.37907989430212,-61.98026331404652
B,V,-42.90464256848545,-64.32729090906435
B,Q,-45.83415483289615,-59.4178813854509
B,K,-47.117685848404086,-63.34208275638404
B,E,-46.537049672045356,-57.79547003265621
B,L,-45.29249300833076,-67.4264464227412
B,L,-40.510303963794755,-59.8438236978306
B,A,-40.558485982366776,-62.38799850705144
B,E,-53.48075441573421,-58.089865381420374
B,W,-30.582061313090872,-65.54623897724782
B,K,-19.58313386595377,-94.89907971350289
B,R,-35.44574042107504,-80.47680200655489
B,T,-39.66052086660656,-66.66541667002805
B,G,-44.18190978655221,107.25144315588936
B,S,22.107400211057424,-122.02262759045048
B,D,15.851376946017307,54.81997375315087
B,F,-64.66006782734429,56.801503366007154
B,H,57.05413852561824,-177.07553023029513
B,I,141.02489392282033,-55.56393695422182
B,G,-25.49351705797513,84.98134479872238
B,H,44.47475000016592,45.96909718669384
A,Q,159.44736686047767,-137.37517655555664
A,I,153.41186121093708,-139.5599457318523
A,F,97.6340143982869,-105.51395498461181
A,V,103.4164078637766,-86.71929813621416
A,K,121.69705701479964,-71.6460408801128
A,T,162.43226903384533,-67.00808465174687
A,L,-15.29340287919252,-62.84200033416292
A,T,-37.707757244178154,-73.02481130151293
A,G,24.976358163251646,107.8603916484854
A,K,114.06301413467813,-88.75634467984787
A,T,108.30712001517288,-86.92812934843006
A,I,113.59810823470274,-89.90165401062062
A,T,137.86435556606193,-88.22408979847056
A,L,142.81395841531662,-139.9141536873809
A,E,126.60731223847282,-101.89823915116239
A,V,-168.69739329540596,-148.64139550249251
A,E,159.01142303180313,-121.33651855876052
A,P,-31.015508357129367,-55.91665098070418
A,S,13.874366856857339,-100.09941772743318
A,D,139.8360655556555,-82.16897660581313
A,T,156.44005659470574,-80.22341180603843
A,I,-38.003733374758674,-56.915894228652796
A,E,-49.21217079044996,-54.37115617566469
A,N,-40.244145393093106,-67.40402012288466
A,V,-53.13809709170558,-61.631491370559495
A,K,-35.553819266195106,-56.50804833178633
A,A,-37.65974927309548,-64.2130060802383
A,K,-34.60006299597451,-65.2779562504846
A,I,-43.605500432665224,-64.7344828014971
A,Q,-35.54218282319747,-59.69101650024287
A,D,-30.17812670752529,-67.81107757118191
A,K,-30.57034427749649,-96.59127723315622
A,E,-35.682759155368544,-115.94007290082247
A,G,24.57809801542247,94.43478987208617
A,I,128.35055684607477,-110.88819631666792
A,P,149.96037567893399,-60.799174679689294
A,P,-32.846576720852035,-60.53873723374641
A,D,-18.66235652884563,-64.58156743277358
A,Q,-9.740310071883616,-106.19138097951488
A,Q,145.12401142824027,-78.78469615419036
A,R,95.94213681339741,-122.21968954015192
A,L,131.40566889606455,-82.37558850588967
A,I,150.58234902351364,-118.50975374824948
A,F,122.0369861722866,-143.52320038880995
A,A,27.13550279510575,55.930945528467625
A,G,8.51115603190286,85.49257289248574
A,K,118.10722711031653,-114.59539834079818
A,Q,143.596905158928,-63.83000032754253
A,L,168.20460119928535,-99.39763720689098
A,E,153.42914236916326,-128.6247594251531
A,D,-38.21111029479113,-53.94987162838106
A,G,-7.685556643018418,-74.66948703897746
A,R,177.83897633449956,-105.23694205398708
A,T,164.7757668426348,-130.21750362378683
A,L,-44.34930062644497,-57.00653727770727
A,S,-33.845430099670985,-59.428571414653156
A,D,-35.004949560146926,-59.04939339560685
A,Y,4.145674233436175,-96.39830397519567
A,N,19.474662994540417,59.9770259342266
A,I,132.10315642719738,-67.14203872315498
A,Q,-165.89132252421612,-120.79023502453565
A,K,161.55442491105993,-63.395907438571456
A,E,47.407764661451864,43.693734697129585
A,S,148.43822514852752,-119.35108113839212
A,T,139.98849271976246,-103.78211804470878
A,L,173.5638761040381,-126.59396518158081
A,H,135.9589774305854,-133.04686030604225
A,L,120.60393558115511,-91.27941957593757
A,V,159.0668031580761,-126.63628185537658
A,L,152.27072830190698,-90.81490209535689
A,R,-13.006839807586845,-81.97196355539896
A,L,30.6369910241,53.02504392501359
A,R,54.66458120137728,31.95091670211642
A,G,59.26997339208648,-75.20531822067211
B,H,160.6896833901062,-144.69705903670484
B,M,152.25834580009095,-148.18709342532426
B,D,-6.402665855324546,-78.10891616616865
B,E,146.6727551782082,-144.83393871771025
B,K,53.670064180903445,-140.64162852780225
B,I,136.99205684705865,-58.09390314160458
B,T,152.68661811352493,-133.14925741327488
B,F,82.53704507941102,-126.99428706882809
B,P,-175.71586673843237,-73.37810877550227
B,S,20.484321295088847,-64.70070820152152
B,D,-19.777899241271413,-135.95256488522799
B,I,128.9449545332654,-140.97379591438548
B,D,147.02870922834936,-135.3343571888006
B,P,-31.150435616324515,-54.06280377345476
B,Q,-51.57187217377314,-64.07724060269614
B,V,-35.31612522043739,-62.11499313410426
B,F,-43.44830812220002,-61.210412393979794
B,Y,-28.893889267110882,-71.45818830662537
B,E,-35.36917445562749,-86.71609235528054
B,L,165.39312597969413,-63.40971986804763
B,A,136.21558856985516,-49.38912643892503
B,E,-44.07763258065244,-59.497080504466105
B,A,-31.70728816333071,-61.811275801298336
B,V,-46.15924076496253,-74.00701740946027
B,Q,-36.90817901892021,-64.51888701843916
B,K,-49.70120941008312,-64.49063464058054
B,E,-44.59713142919874,-60.0826428126755
B,L,-51.15523375054406,-63.32418514276293
B,L,-41.69009163322789,-58.53282953919201
B,A,-41.229809948280575,-60.253261583544
B,E,-50.50687028776122,-60.752599779350355
B,W,-31.459970766126215,-63.043694297287615
B,K,-21.792454324956935,-92.4733385147449
B,R,-32.939114687274476,-86.23745214473419
B,T,-37.832227327690894,-62.63285146759633
B,G,-38.48513265356863,110.08556325333734
B,S,16.10134240619604,-129.35260489092167
B,D,17.701942612429388,53.03491576627789
B,F,-69.19172775847522,59.0518248063574
B,H,65.21781292409311,178.7214976514739
B,I,-34.34080107590423,-54.22180658195109
B,G,52.65508089289337,-96.62827003811829
B,H,143.53722611848644,-49.130050532942796
A,Q,157.53653525320178,-134.08839470575913
A,I,154.72394362162123,-139.01602381002948
A,F,99.13958300689276,-106.54892490985932
A,V,104.21060741772291,-87.1950037727303
A,K,123.16395686173249,-73.2007593223361
A,T,163.29481605020894,-67.97766108854131
A,L,-14.700239689471736,-63.10370867919838
A,T,-43.36493827277629,-75.06637048483432
A,G,24.305251227443893,117.05741619907921
A,K,110.3977316924099,-82.00065472420962
A,T,109.29656966070267,-82.6690266494544
A,I,109.41136647891618,-95.41751085704001
A,T,140.05507022954788,-83.83964641680205
A,L,144.86796212559614,-141.5305820304236
A,E,126.97913153793056,-103.4858080210864
A,V,-168.61802002313883,-150.5467054731632
A,E,159.4462567874149,-124.91164191313678
A,P,-30.58759883761446,-55.81191194201749
A,S,13.7793986143492,-100.44985994485569
A,D,139.73536797812045,-82.61101671320806
A,T,155.2140375454182,-79.54792070733546
A,I,-36.5780407867268,-58.452441786435905
A,E,-49.16093424597537,-53.90657408332311
A,N,-40.967951037976626,-67.11210490609723
A,V,-52.173291887603646,-60.9576652950007
A,K,-34.395975891394336,-58.72451079509912
A,A,-38.35475233175069,-64.32577564996872
A,K,-37.09188690696425,-64.84949209179224
A,I,-44.26267829646241,-62.4909644940742
A,Q,-34.583901747064985,-59.40384104105687
A,D,-30.27161948984068,-67.0591724361412
A,K,-12.449020044448414,-107.7629750086618
A,E,-30.244546245694924,-126.55615226902579
A,G,28.35702559310159,86.42267314253428
A,I,128.95430081282652,-116.00934401323158
A,P,150.0165029794818,-59.65474527279255
A,P,-34.00939863151087,-61.72894637383954
A,D,-14.322481826614464,-69.48940822324809
A,Q,-15.032135432139743,-99.49011698814236
A,Q,148.36604258357036,-78.60133947669098
A,R,96.90898189334924,-125.28921697385915
A,L,136.64297284057952,-84.21562717050652
A,I,152.08408717483672,-124.3147038379672
A,F,119.21172999565007,-145.70754981694552
A,A,25.30592194135169,56.63425924669134
A,G,-3.4443834457926785,89.8346089483595
A,K,122.85015116260243,-101.33662632097554
A,Q,155.37985976842347,-67.24733652351999
A,L,154.72523131969356,-117.4625202507643
A,E,154.655597270658,-119.1888726615389
A,D,-37.7422957336186,-53.83487268267641
A,G,5.046160767031952,-77.73653503180782
A,R,178.8837759520065,-115.12736315684948
A,T,167.93090673103592,-131.27596153953843
A,L,-43.71343452271712,-58.63224094172505
A,S,-30.743964038265922,-61.73950293362739
A,D,-23.436679819385628,-64.37864314223597
A,Y,6.593344888500323,-105.55755358898631
A,N,13.827918690189193,63.25063877153663
A,I,141.88462195291783,-64.1637395682274
A,Q,-166.54834514302613,-127.8255977051184
A,K,160.80979594619782,-55.89361259610704
A,E,46.933882568110825,42.445390895047495
A,S,150.17529397062276,-121.0454034291893
A,T,144.00810278368627,-102.98198191047145
A,L,173.49188293549676,-129.0394307895152
A,H,137.4012235759914,-132.63517045395247
A,L,121.78855143610697,-93.07119115237148
A,V,161.50712101835694,-128.54066323327595
A,L,152.1700391171038,-95.57756206526142
A,R,-25.14665705671432,-69.74551557486353
A,L,37.15076244705511,57.78476791379709
A,R,-33.303017288401016,-62.87503435587785
A,G,-21.40816158591996,108.0616620296636
B,H,2.5006028453277453,-126.14406268316475
B,M,145.9256903429457,-65.50981051888255
B,D,151.24157508333252,-151.90613790534735
B,E,82.94819574496856,59.067494241877675
B,K,68.12501125353468,-145.62328856027426
B,I,148.60553707522544,-59.067994483920145
B,T,155.23082857545882,-124.60135394487496
B,F,85.21247555626215,-125.62246009213337
B,P,-177.51586780846714,-73.3621376484318
B,S,9.612251766135248,-62.22829064130774
B,D,-15.755214601295208,-128.8503197029162
B,I,126.53211374736766,-140.09887968259542
B,D,148.94658106428983,-134.96610451884882
B,P,-26.986367950184306,-52.93062441594562
B,Q,-67.81080001393747,-48.84898198200835
B,V,-30.124177564852186,-64.48822275660277
B,F,-40.26709223210851,-64.33325722051246
B,Y,-23.879302047842373,-72.3758079172047
B,E,-33.492089399970666,-95.32399258881068
B,L,167.86179259098142,-64.40084629983838
B,A,125.61591626724527,-49.33483709155493
B,E,-39.73323805179605,-56.05379284476142
B,A,-35.86596778089257,-63.70720899046607
B,V,-45.34100762592524,-66.50782614920288
B,Q,-47.215107489804076,-56.927219178833404
B,K,-48.37477909330045,-61.32577935139569
B,E,-44.20739572005669,-63.692993251492474
B,L,-50.56209394124665,-61.159124103159925
B,L,-42.338220277133665,-59.433864051307594
B,A,-43.644364930992886,-56.95109514433437
B,E,-50.96504825864051,-62.39052799689182
B,W,-32.63507862595271,-61.84787271670173
B,K,-23.93264346294491,-90.55204983397475
B,R,-33.292797711189614,-87.31966848821072
B,T,-37.74106652102566,-62.200883584604405
B,G,-28.557862739143786,103.34747012181022
B,S,15.370369946134888,-136.05592659927404
B,D,17.003071854842982,52.36410846980959
B,F,-69.84315239465437,56.62719451471445
B,H,57.605858127214034,-175.41247110859072
B,I,-37.76051352234237,-50.68634692062942
B,G,58.39702166815383,-97.30802691354165
B,H,152.84529135145,-53.50732237416747
A,Q,156.98341511694957,-131.48607640167185
A,I,154.7982404308482,-139.3822469634645
A,F,98.2616708817462,-108.19388953008458
A,V,102.94973318042534,-85.56723306544646
A,K,123.30514564426379,-72.74312041669289
A,T,161.14518388314158,-69.469222335241
A,L,-15.752462144154062,-61.237943119520196
A,T,-37.433688590601754,-72.11005025856379
A,G,14.061571848738016,115.16109138194429
A,K,110.36551636495342,-86.72207893678244
A,T,109.60536651277914,-80.89184730410899
A,I,111.37911487500374,-92.9441693944759
A,T,143.49588001062614,-83.43398587679243
A,L,152.36461776237556,-146.480736485037
A,E,126.39877565118096,-111.97284504212008
A,V,-168.3236497440905,-149.72403450239977
A,E,162.13853925727057,-124.96930038619082
A,P,-27.579864454812803,-57.18364605518158
A,S,4.43640286144028,-90.66861009914403
A,D,130.08373856450686,-73.43195147295968
A,T,151.58538100386136,-74.53974148751495
A,I,-38.58886312147448,-55.90806857781634
A,E,-50.39652587632673,-53.01034006173125
A,N,-37.39284636509549,-71.71505356125516
A,V,-49.815111249013,-60.992392594097936
A,K,-36.92257142611491,-55.37446706957187
A,A,-36.920309123078574,-63.151350940483134
A,K,-37.775256114600175,-64.9967947339568
A,I,-44.05268728240928,-65.35745990701187
A,Q,-36.10917876081604,-58.91036536764112
A,D,-30.2701448605916,-67.53666701170141
A,K,-23.739441747144976,-98.72549219500388
A,E,-35.48075610011855,-119.26225909790324
A,G,15.70703897577708,96.11152329784478
A,I,127.30232736420858,-101.46250607487717
A,P,145.8634074736773,-60.630878932445675
A,P,-33.26957087235924,-63.575608568216005
A,D,-15.949190907636696,-70.0550474746343
A,Q,-19.022952588362372,-96.056110927592
A,Q,141.1515487970775,-75.99617868448634
A,R,102.48233159250584,-117.71153803013658
A,L,131.95173710142174,-86.12386682628522
A,I,152.8262218645318,-120.1435711795001
A,F,118.06732806195313,-144.0739737728886
A,A,26.977185859805367,50.29232364242185
A,G,5.475732498416972,100.03914517340286
A,K,133.37813219255776,-124.56723926972049
A,Q,153.47354701683616,-68.87664899688659
A,L,157.70499745657082,-111.19176961633903
A,E,154.65070612990348,-119.45885477896007
A,D,-38.54672640715766,-53.817760234579076
A,G,12.24954236142667,-82.73801349259188
A,R,174.74176442617346,-120.72605429060484
A,T,167.30150229758266,-130.2271066425206
A,L,-44.721763783148944,-58.098934731906986
A,S,-32.31049648958639,-60.798234836115334
A,D,-23.68298204780056,-62.32439141999817
A,Y,9.046958060372004,-110.0103426988971
A,N,7.8456700615730375,68.33276278125071
A,I,128.46274096012925,-66.49568109770208
A,Q,-164.92085707950483,-121.89467524552502
A,K,160.12014707656294,-56.77644057270155
A,E,47.19146151725759,42.13737314647176
A,S,150.10444674082407,-120.79244560427372
A,T,144.02186605941583,-102.72036325469718
A,L,172.6629079653204,-127.21914695946471
A,H,133.301669667223,-132.3890441262676
A,L,126.00843137408394,-88.34192638190359
A,V,165.3738331580173,-131.56243872456693
A,L,150.9561456570419,-97.37723981593864
A,R,-22.661827567994617,-70.13367430970004
A,L,38.382598382889455,56.90208928966275
A,R,-32.04407386022701,-61.03570159018662
A,G,-77.68241529825943,80.28491162458857
B,H,-170.38349189708154,56.450385718014964
B,M,32.928944297362584,-134.91213147208288
B,D,-20.167621113286913,-67.67147569624511
B,E,138.92682886074533,-141.75401251693938
B,K,49.45824237080663,-143.0565491310766
B,I,138.93506849101902,-59.216492109165955
B,T,151.8339268266502,-134.16538886852388
B,F,83.22351416592475,-124.62338976984242
B,P,-174.6883663590696,-73.39967473815638
B,S,18.83558333966952,-63.483054813140555
B,D,-23.177686279466446,-135.02192164628718
B,I,128.76013631548932,-137.72512437623914
B,D,147.9551941034289,-135.21366872709686
B,P,-30.718405455210473,-54.641590787694135
B,Q,-49.07224004461867,-65.51724803415033
B,V,-34.63269375061498,-61.63613446167235
B,F,-39.28596779796743,-62.73719865571195
B,Y,-21.586255445831455,-72.2699726393823
B,E,-29.741128978769574,-103.18461940406313
B,L,168.80961383288215,-63.931241975135514
B,A,127.46337755333609,-50.35262072875777
B,E,-41.440108088559015,-56.43768137783151
B,A,-35.547266550939426,-63.35789604463214
B,V,-47.13947009456018,-65.90493975560818
B,Q,-47.815225866067735,-56.98119389958608
B,K,-48.13558133081653,-61.6327420178375
B,E,-41.68354508504538,-66.13539491159675
B,L,-52.99164036120914,-60.5670176221533
B,L,-40.555441150666184,-58.29224737059916
B,A,-47.18745513484571,-59.24117486728026
B,E,-49.24388403597713,-55.34906553774712
B,W,-34.11834710497851,-66.62349236551037
B,K,-21.563381860424784,-89.97729439885966
B,R,-33.163356009198516,-86.18386709889225
B,T,-36.9911307747252,-63.80819452231394
B,G,-39.11632073982724,103.24971130675063
B,S,13.406221811072074,-120.61735786235889
B,D,18.329650113589484,52.84006676068783
B,F,-70.14201792586552,59.56245736129855
B,H,74.389741652431,177.955156907914
B,I,-24.62715841725511,-58.038001450306275
B,G,52.21433479195447,-105.29842176330988
B,H,119.09148078700146,-54.70221455156307
A,Q,157.36930970742824,-131.81168979600886
A,I,155.76855885109424,-139.73649530410344
A,F,98.84698076267564,-108.92735805173596
A,V,103.65407434572455,-86.60084537592293
A,K,123.07942916963222,-73.86401869108848
A,T,161.83760591049108,-68.51942766210381
A,L,-16.30832641425489,-61.630814878912595
A,T,-42.57762102128232,-72.70940291413724
A,G,25.055693525617876,115.20209516411767
A,K,111.16536720956167,-86.79677606764787
A,T,109.44683077159229,-82.49057679864583
A,I,116.98403082917056,-92.92260869950353
A,T,141.65504081126022,-89.93425181132865
A,L,149.10882790383877,-143.26387276867462
A,E,128.26287764383784,-107.95932491994306
A,V,-168.3218555250516,-149.4241287592639
A,E,160.24263020933083,-120.83160983936325
A,P,-35.4213745771186,-55.68990014423454
A,S,14.72480143678383,-97.86239891766786
A,D,140.9534000887805,-78.9731122735493
A,T,155.58826003469235,-80.93265334805768
A,I,-37.4616329261664,-56.34186376146597
A,E,-50.39458369146736,-53.49281662085772
A,N,-39.85584781426769,-67.19376475995762
A,V,-52.22223692186759,-61.57742168721565
A,K,-36.44679508282554,-56.64285995981821
A,A,-38.43599811728489,-64.1214775566619
A,K,-36.63002585936884,-65.22275860032408
A,I,-43.26203877171622,-63.81696145795205
A,Q,-35.52720398111035,-60.81538404790071
A,D,-36.451859431461,-64.80060866148472
A,K,-27.791340017695816,-92.69128044588341
A,E,-33.61150034289148,-117.67926276078737
A,G,24.639463041076482,89.52652950285909
A,I,127.73990431397054,-107.62600263815085
A,P,145.49755528033083,-58.47851441538426
A,P,-34.6109988478862,-62.573340053394
A,D,-22.72043357302282,-66.0062495130743
A,Q,-20.350818838731882,-87.84863103006982
A,Q,149.19200483238842,-77.78794045234073
A,R,96.04060226273792,-128.97121279166964
A,L,135.706109493248,-81.65265495179852
A,I,153.0403124555569,-121.56793336051955
A,F,119.76416567671389,-142.68392407692647
A,A,28.081421910629324,50.37308003401744
A,G,4.40578237718738,102.11676789255706
A,K,137.1206301645384,-125.99906517475696
A,Q,153.99086635541613,-68.61371877064083
A,L,159.79607307208792,-116.3330126395344
A,E,156.2246982149031,-126.5602359802204
A,D,-39.11284838099436,-52.57858346560112
A,G,5.388114395148316,-78.10228946490804
A,R,175.42542874209937,-117.5379428703842
A,T,166.29660619855792,-129.49616006586703
A,L,-40.734493273686596,-59.88928123576776
A,S,-33.81470335702665,-60.530433778392116
A,D,-26.142327354416416,-63.714404627393066
A,Y,6.100580116607921,-102.86619522576537
A,N,21.469200968228204,59.138759464318035
A,I,146.0727231612628,-66.3050207001042
A,Q,-169.6979274792483,-127.49625929313157
A,K,164.29216120234028,-59.37835441782725
A,E,47.50928408833874,41.31458873889249
A,S,153.61934232143184,-122.5657225232853
A,T,142.191857723628,-105.93208873620215
A,L,173.5576997574216,-126.70751866351081
A,H,135.96486274198614,-133.24792709726214
A,L,123.51596705746016,-89.29464809589226
A,V,165.54320720093455,-132.5459785039145
A,L,152.9628887634294,-104.45111819257518
A,R,-11.063745502877712,-78.65126746194319
A,L,31.48991860301288,52.55629245176282
A,R,55.25029216318093,30.18098403166203
A,G,42.849650441799916,-76.16082462924625
B,H,72.73678716332601,-75.22516387253158
B,M,-35.918554284006504,-146.4011469608924
B,D,-18.000826349671467,-70.29030562446881
B,E,142.6754315681837,-155.03430066393557
B,K,39.07755484610931,-146.53085583580608
B,I,133.72369735983557,-57.51458054298892
B,T,153.66316071234812,-134.03420561553125
B,F,82.49090044632928,-122.93958480744095
B,P,-175.26193049942503,-71.83919185002324
B,S,20.61302851070419,-63.60870956957543
B,D,-21.70826482409178,-135.9756928242246
B,I,127.03352673140064,-137.7993853052954
B,D,148.30382476323462,-134.46934161379082
B,P,-28.285594048829033,-52.484356252887004
B,Q,-67.7375477569718,-49.66228011050945
B,V,-31.15854439699754,-64.33990802940725
B,F,-39.641599444206,-63.64197940906471
B,Y,-20.51411417010547,-74.55797817540169
B,E,-33.3670679849951,-99.16090651765802
B,L,167.817113734556,-63.34838988312681
B,A,127.07695630016572,-49.84933259061657
B,E,-40.256890465204975,-55.74400577886244
B,A,-36.309648123952215,-63.2324896867641
B,V,-44.94191685151069,-67.06205864422463
B,Q,-46.45103042025657,-57.71675012455851
B,K,-47.93095322657813,-62.33844932395223
B,E,-44.77119775273005,-60.58745781120697
B,L,-49.69281959248338,-64.52196314047985
B,L,-40.16001196544103,-59.85091259201954
B,A,-49.0577425456513,-58.15769922716058
B,E,-52.48146152279875,-53.152127961236815
B,W,-32.89136267964438,-66.76048142984763
B,K,-25.738467436162882,-90.79659549814039
B,R,-33.222113965953014,-84.44907788161524
B,T,-35.988118833884016,-64.14752501048169
B,G,-40.033522129946775,106.80750374745811
B,S,20.72119899690182,-129.1069751163774
B,D,13.223375249015087,54.47385723932977
B,F,-74.6641921926602,51.27843017728795
B,H,47.749907707598766,-151.36436618935736
B,I,138.14685575848839,-59.397498074675646
B,G,45.835268119206425,64.92303477250024
B,H,143.65934287657493,-55.81295000998201
A,Q,157.3575016561284,-132.68615322084253
A,I,154.02047578114238,-139.1995678723513
A,F,98.52231892876037,-106.34438126652182
A,V,100.96860942298487,-86.83039688578057
A,K,121.53010729295406,-71.8731144103505
A,T,163.45056400207568,-67.21320702296956
A,L,-14.705417228632292,-61.95049479041773
A,T,-26.67183036762168,-80.60413250460722
A,G,24.946063996355143,97.90723527305444
A,K,106.45235519022623,-85.22579513382833
A,T,113.34489096992439,-79.73252000302783
A,I,112.1448465252211,-97.61608325851682
A,T,140.82628505977502,-86.57387373471373
A,L,146.4579908896393,-143.34297428366048
A,E,126.86992913912418,-105.55188719005116
A,V,-166.20203096351946,-149.7436523039686
A,E,158.68185017235328,-126.34205118014455
A,P,-30.01333606978497,-56.43350616779125
A,S,13.953954399304491,-101.13087032901309
A,D,139.8994725371441,-81.772618794306
A,T,155.8972397987246,-80.9548493435582
A,I,-38.155354676888074,-56.52007985897636
A,E,-48.09586273516309,-54.49117513512447
A,N,-40.987444353711886,-68.26976694468743
A,V,-51.739255428300964,-61.39596725078188
A,K,-34.54837746169367,-56.64896317831112
A,A,-38.70432876485842,-65.02740755163995
A,K,-34.686067306838076,-64.91664954915012
A,I,-44.6408814331426,-65.7252532304154
A,Q,-35.81817923495027,-59.50347598528057
A,D,-31.428937013626868,-64.1371669715441
A,K,-30.931584965814462,-99.52720147121303
A,E,-27.247374426283134,-114.09221569064249
A,G,29.025207926412286,82.69358247116871
A,I,126.66009847975307,-114.14625230774365
A,P,149.21240542045157,-59.28939307304156
A,P,-33.88773836436558,-60.68097622784828
A,D,-20.78196599195214,-64.90463177529301
A,Q,-13.364530547658207,-96.96543365257
A,Q,149.34754279232254,-79.87639962363745
A,R,95.55843146150501,-127.39426119968513
A,L,132.74526056952044,-83.16241769277698
A,I,151.43830093477047,-119.31985511164314
A,F,113.78625865302773,-147.03486345181457
A,A,27.05414016268429,53.119694789826205
A,G,-7.970151483565139,99.06207498899023
A,K,166.663809317028,-82.66785004097318
A,Q,139.9739772651757,-121.24075391233279
A,L,140.21192915803536,-112.86879446639483
A,E,154.69453832163353,-106.18307297251792
A,D,-37.915785828356725,-54.32859937951881
A,G,9.621904364055684,-79.90505354312474
A,R,176.07215050956702,-117.10701335285913
A,T,168.74888325771155,-130.8054715601956
A,L,-43.188247976685005,-59.85239053096646
A,S,-29.357778649764953,-63.45419481999985
A,D,-23.348819682698416,-63.8227547312972
A,Y,10.531782107768295,-109.58334242609148
A,N,11.702620813600133,63.55973957189506
A,I,138.61318156678456,-64.67512353480828
A,Q,-165.60762921872825,-126.88278617288974
A,K,161.6681956475333,-59.797700788113076
A,E,48.37327744175831,41.73375491654928
A,S,153.0931976029071,-122.26852202892228
A,T,145.43992283044122,-104.02372152174296
A,L,173.01778965448054,-130.5318203000039
A,H,133.20437181708292,-134.00970676777456
A,L,120.86494357262895,-86.09367420323584
A,V,163.5041624078447,-130.04562878918188
A,L,150.8331108947212,-100.35954356641354
A,R,-28.895478299531305,-68.72157776480414
A,L,39.43823234077961,58.61294400700813
A,R,-35.393426470082325,-61.69443916068222
A,G,23.65421527900992,69.51419015595896
B,H,-26.267372068713442,-61.45629877233419
B,M,-13.032580000452901,-66.42236998469426
B,D,3.2430422133722203,-77.89473914690608
B,E,-98.84316613692481,-123.53926960390962
B,K,69.58072446695606,37.27241817770963
B,I,140.35567776067978,-45.8982953422461
B,T,153.62922102931358,-116.51892906451891
B,F,86.57653471372075,-118.37984835463465
B,P,-176.30367127965994,-76.49536910450846
B,S,4.678029096803918,-61.139351679779296
B,D,-11.793113364388585,-128.86106821118497
B,I,123.09983065739209,-139.98456000448746
B,D,160.79068747881996,-128.50214574504992
B,P,-35.910346206400014,-55.058068413141065
B,Q,-58.16885005195165,-59.26800781784438
B,V,-33.48337519392919,-61.30857232359699
B,F,-38.24982993504621,-62.43481808698817
B,Y,-17.61969447919302,-76.81813368334836
B,E,-34.75640095888234,-102.10252099119162
B,L,168.33665348175842,-62.337337996193064
B,A,124.1485847897266,-48.57402806096072
B,E,-39.67628292773547,-56.13602008822195
B,A,-37.47403822603036,-62.22324386763782
B,V,-43.07037334505992,-66.25404186397644
B,Q,-47.63623786430011,-57.777748486375216
B,K,-48.43108842113851,-62.212012662604
B,E,-41.683033582570296,-62.298435678658436
B,L,-46.983763476550706,-65.73509060248871
B,L,-40.011690605076424,-59.328865022426676
B,A,-44.04361340988327,-61.096666980906
B,E,-50.27583791709838,-56.37737776515882
B,W,-36.20471735626415,-67.4194180793547
B,K,-20.604974033382444,-86.20248656583773
B,R,-36.69448737633241,-85.07925028088926
B,T,-38.7573393198653,-65.97472131343119
B,G,-59.90510704563314,98.32570171638046
B,S,0.9072683445576597,-80.5039665122958
B,D,11.62714030254846,55.3067707699135
B,F,-70.1818648285102,57.595458918004056
B,H,57.04993278033734,-175.96536939527243
B,I,-36.555315828011224,-49.93494741486866
B,G,57.13150330067689,-98.34512610558572
B,H,146.94459332762665,-52.54835505390603
A,Q,157.62849148487075,-135.21776216660916
A,I,155.5002575946313,-139.46710012514828
A,F,97.99066611640576,-108.06948224734401
A,V,104.49801059489113,-85.35881175711857
A,K,122.47303484449719,-72.69139962243106
A,T,164.87320465319803,-67.23833003929063
A,L,-14.661688554728515,-66.03623056842416
A,T,-35.64664720257004,-72.94596622905992
A,G,21.320626177700724,107.4802402240843
A,K,116.6872808430207,-83.21648536564318
A,T,107.97426329700771,-84.6003712088848
A,I,114.06889220447555,-93.1205323174302
A,T,140.28061906552358,-88.53175484641913
A,L,145.49177808167576,-141.69325049519153
A,E,125.80706419939982,-105.02277517471587
A,V,-168.9052504595182,-150.10313575470795
A,E,159.37603309136537,-125.99596783705482
A,P,-31.886189789668308,-55.152875669075925
A,S,14.01783860516724,-100.17471964116405
A,D,140.12516750027083,-82.16012473567262
A,T,155.20814714539412,-80.17295025128311
A,I,-37.13445749203849,-57.32504530863806
A,E,-49.88819114155057,-53.49414177092012
A,N,-41.55042417378422,-66.0297774043538
A,V,-53.45031827115331,-61.888997663242336
A,K,-35.36351909663162,-57.76044936727336
A,A,-38.02426767505391,-64.254252004062
A,K,-35.6736654091382,-64.98224026795044
A,I,-42.800452128091166,-62.766823133488195
A,Q,-37.17713190232053,-59.98186535067283
A,D,-35.320120204583446,-63.15499354862964
A,K,-27.600889091616953,-96.42333297918896
A,E,-32.32060736921373,-118.51059234205978
A,G,31.402811984971752,90.21336683412552
A,I,129.80157698625342,-117.58539152261837
A,P,149.25890568915972,-60.282815546911415
A,P,-33.92632091670231,-61.30882621742083
A,D,-12.866465637008595,-67.42634169361371
A,Q,-11.898023333723357,-103.39840208104587
A,Q,146.77270640424777,-81.09397903190538
A,R,97.01090114973172,-124.31891617864305
A,L,138.72294665834247,-84.27561174570916
A,I,149.0241348864856,-125.4968025185421
A,F,115.75424825284642,-143.68384578570723
A,A,26.964832059640056,53.385083159971394
A,G,-6.705143848638759,97.71572843968228
A,K,158.5923443729247,-87.61091493463324
A,Q,148.74141012695688,-113.85769317332215
A,L,137.48215717964928,-117.91912936294321
A,E,154.18707668518869,-102.33758853823268
A,D,-36.75563862513202,-56.28553564570293
A,G,8.705122357678116,-79.57409773231907
A,R,177.4305445815333,-113.78410908339626
A,T,167.29896669978316,-131.2885414689735
A,L,-42.79248114047494,-58.56411629977004
A,S,-33.32593907899395,-59.497824242284906
A,D,-31.82794064606227,-60.59264371953296
A,Y,6.256808896027415,-99.34214743683671
A,N,19.587332026307443,58.17385272340192
A,I,135.1601965352007,-66.93441384432694
A,Q,-166.04824917399677,-119.78451762842342
A,K,165.15631413732697,-61.68521089903828
A,E,46.92091051518807,41.50170907620498
A,S,150.44777369236343,-122.01001146432252
A,T,141.96636932412386,-103.65738154014441
A,L,173.82046737435914,-127.03829407186905
A,H,135.76893331231665,-133.11761891814652
A,L,121.53924582568715,-89.85278226028485
A,V,163.59493542676256,-128.4982046263476
A,L,150.4704217505254,-98.88923957879842
A,R,-27.721013000081953,-69.20934237105139
A,L,40.20489438305065,57.5953540929816
A,R,-35.78515685605677,-61.45018823056741
A,G,5.583000000103459,78.3673911987545
B,H,27.19696266237475,-139.50691388859116
B,M,-31.153704074913747,-68.34842738452691
B,D,12.457840732323573,63.012817067334026
B,E,2.7096754131324086,-137.96458938517853
B,K,31.179692118409296,-77.55967872672508
B,I,141.5503254665465,-60.33782772423655
B,T,155.0059113826463,-134.56937482682935
B,F,85.49240758696551,-124.97648136274917
B,P,-174.7853159730684,-74.98428748411332
B,S,20.139731272111373,-64.79995030699067
B,D,-18.0346186984693,-134.32472923127997
B,I,129.03004151806334,-142.30900719335014
B,D,146.13237986033224,-135.43020355500587
B,P,-31.18976550854328,-53.44997510492541
B,Q,-50.73395015031652,-63.09133127247391
B,V,-34.215326605749446,-60.27697071602884
B,F,-37.34449068745969,-64.9863916425413
B,Y,-23.827067556310265,-74.15527770142003
B,E,-34.040368458643755,-95.25941726624592
B,L,167.82711273085079,-62.7086306338163
B,A,125.16241072537386,-48.6203566061327
B,E,-39.37548906248669,-56.33553364707077
B,A,-38.571514431296144,-62.23285957144759
B,V,-42.094762630596705,-66.64885591542335
B,Q,-48.013662167414395,-58.09909427013587
B,K,-48.58720030621688,-61.59679570831425
B,E,-42.254615546126765,-62.37132061081526
B,L,-45.81425414167236,-67.78701705499869
B,L,-41.92764620587115,-59.20812079900305
B,A,-49.45185831926319,-58.21144496062976
B,E,-55.93667760408385,-50.480295331355926
B,W,-26.105021903731455,-64.01293238474588
B,K,-31.521173120417576,-85.75598999177507
B,R,-28.31301513239224,-80.20209869686553
B,T,-39.28523962209706,-67.82807070128155
B,G,-35.75516367648976,107.56906415783784
B,S,22.548112281444403,-134.78024660251066
B,D,12.504232756294734,56.90575530121738
B,F,-70.16711666631733,57.26255744085181
B,H,54.53129253107304,-171.19790529249929
B,I,136.9681797893466,-54.261344586863245
B,G,-23.30850408579079,89.6319952479474
B,H,43.84282698214927,43.48445578992803
A,Q,158.2241805453565,-129.3407486029499
A,I,156.30845670509206,-138.63442030264957
A,F,97.5758234189729,-110.45269455712102
A,V,104.99646885712421,-86.99470724246837
A,K,125.23053185718388,-74.6543613812716
A,T,161.29238149177976,-70.53618480669503
A,L,-16.012897080218682,-62.11714513981221
A,T,-37.987942226132766,-73.18996791971236
A,G,12.562291484554569,119.65662440884358
A,K,110.29153673430086,-84.55807204491946
A,T,108.34770761603313,-80.09829314376937
A,I,114.60415175485582,-91.16897860720361
A,T,141.1791117149192,-87.2742984422884
A,L,154.42920741471954,-142.49757823156781
A,E,131.6930549652157,-104.94605597037703
A,V,-168.8377715789115,-143.4915381864502
A,E,161.4722408602962,-130.61039339048384
A,P,-24.889914963011428,-57.62548199370348
A,S,4.549730106851194,-90.92218213949478
A,D,125.50153843890175,-68.10404700591256
A,T,151.16454114956733,-73.80191899761364
A,I,-37.529053933247035,-56.044204657749354
A,E,-51.309671084160236,-52.67514550944489
A,N,-36.35739916702636,-70.15259015390099
A,V,-52.30517254896687,-62.417064776068386
A,K,-36.249722013367645,-55.01073496595854
A,A,-38.6426340962576,-64.01462945387217
A,K,-35.89072275231561,-66.15054017916933
A,I,-41.599729472079225,-66.12631070936189
A,Q,-35.294156674987995,-60.15260272853499
A,D,-34.8217423914436,-64.49493568343448
A,K,-30.063185619994645,-93.1077847507058
A,E,-34.61223336366115,-115.77922227433032
A,G,28.063917930318745,89.82602011416647
A,I,128.12352885926524,-110.85797434798474
A,P,147.12786274267026,-58.6817053424673
A,P,-33.86070972101291,-61.30269372687564
A,D,-20.512326005560805,-66.18142087242836
A,Q,-10.503964668865988,-98.23591353332948
A,Q,146.03135266374096,-81.46121181003447
A,R,98.2247199405619,-124.71864559367525
A,L,132.0474753483374,-83.86054751152611
A,I,151.67962760473384,-117.97651301723243
A,F,122.50988465372059,-144.07002313428808
A,A,28.186624821859162,55.01727880104256
A,G,11.43973167000454,85.94368802593908
A,K,118.2025399535569,-121.27460776476907
A,Q,145.89903191420098,-63.536890347178506
A,L,163.62729164961416,-103.26044819150799
A,E,153.493222139862,-124.69440682193289
A,D,-36.50533576469933,-54.65032201261181
A,G,2.2217322214051975,-80.5170649261435
A,R,174.7942413778109,-112.33227727959213
A,T,166.18095461309193,-128.53126625432472
A,L,-45.7033015181958,-57.27582301260277
A,S,-34.81458579177576,-58.65011356710415
A,D,-31.063983351456482,-61.21441753060234
A,Y,3.9970975060688154,-98.9948049721387
A,N,21.254817091619124,59.58701248923013
A,I,130.90017643727984,-68.57954057756513
A,Q,-165.07346539428426,-120.88569988578362
A,K,163.0734860986681,-61.81750062909262
A,E,46.863771192286784,41.923866158495876
A,S,148.7980352261885,-120.18106018424831
A,T,143.2095490000153,-103.29395374994776
A,L,174.2987352164962,-127.88330435819142
A,H,134.70288141417888,-133.14000156362025
A,L,124.73872578035336,-88.39281593548097
A,V,163.72391516723803,-132.39938666753756
A,L,151.1920851476148,-95.87939225659547
A,R,-29.593200085278387,-68.72796843315412
A,L,38.99784140346141,57.715789607160126
A,R,-40.31748803504095,-57.85947341285601
A,G,-59.415883597186024,76.95422836452629
B,H,-38.18838936805353,-69.77394247935393
B,M,141.10639036474788,-75.38910880797859
B,D,14.506306410793808,-139.8546600719784
B,E,-77.62138890058759,-140.63678514307512
B,K,59.69066257399314,36.10003632919798
B,I,140.37555035818224,-47.55391199945791
B,T,152.57112260545054,-114.52258155002124
B,F,85.68126665872232,-125.23595193513843
B,P,-173.44302167608413,-76.27444730075091
B,S,20.84827688427479,-63.875932305826
B,D,-22.253425199982203,-135.33574283804384
B,I,128.602245511251,-136.94172155954473
B,D,147.3496424463008,-134.25461439265538
B,P,-31.518794870538656,-53.859510118530636
B,Q,-51.98084936187693,-64.09937456574906
B,V,-36.91285354603898,-61.37738349474927
B,F,-44.79718981538994,-60.55838083394671
B,Y,-30.1353841665765,-70.25808544093569
B,E,-31.22153454994853,-89.46650298300092
B,L,166.440053936708,-64.37714453271217
B,A,137.02066329038607,-49.21632069571313
B,E,-45.59685007093959,-58.97141160901313
B,A,-32.73823709306328,-61.45848756814032
B,V,-45.728364726123125,-73.32380187699329
B,Q,-36.00607329204914,-65.11020080950058
B,K,-49.84468205001367,-64.82917175381078
B,E,-43.253272883862714,-60.218043503350785
B,L,-50.12952174782585,-64.69423076350905
B,L,-40.71965263629214,-58.510211644978
B,A,-42.502299244341664,-60.59715431176213
B,E,-50.51575036101908,-60.12553861288985
B,W,-33.45424884691274,-61.58032621555418
B,K,-22.228897375234986,-91.95586622222261
B,R,-36.36455335104916,-80.05032283428754
B,T,-38.81269511701417,-64.91071954949814
B,G,-67.59432379154192,106.2415805296691
B,S,14.695274681039166,-87.51207129365021
B,D,17.86259379751854,54.46773154075973
B,F,-70.48892428460582,56.45108926193388
B,H,56.82825439611674,-175.79431511946365
B,I,140.12264831215276,-55.51500297844292
B,G,49.030933890483965,69.81987518114154
B,H,147.23390126594296,-61.23868137701548
A,Q,157.44177968488646,-125.98418864729598
A,I,155.50717015779276,-138.1314441826437
A,F,98.29283734599946,-109.23115294104682
A,V,103.69057206221903,-87.20219826813748
A,K,123.7059611897321,-73.70980057026831
A,T,163.8542158749186,-68.19134575602169
A,L,-14.580229599630965,-64.01194741160587
A,T,-37.035376888861876,-72.90494660322553
A,G,22.940881438155778,105.94249750869061
A,K,124.52992614934242,-86.3841184327528
A,T,108.45454458726996,-97.72981836119322
A,I,105.2809146685966,-90.66000315193871
A,T,140.7368217856617,-77.80645871802983
A,L,155.6377471027856,-142.0062589148364
A,E,132.07703563165614,-105.8927679113652
A,V,-168.45799511095564,-143.1190785930684
A,E,161.21113806745774,-130.6893637794864
A,P,-25.255665136921955,-57.7382173555384
A,S,5.074627609412687,-91.2191555780964
A,D,125.51741082886946,-66.82560414818651
A,T,152.34960681365,-72.73019544725052
A,I,-36.222993846557465,-57.63752892255011
A,E,-53.484406481035414,-51.085793406599464
A,N,-35.6477568181947,-71.49902824864466
A,V,-51.826037680742445,-62.81329205262417
A,K,-35.893327680833515,-55.123665716953816
A,A,-38.92540725509698,-64.07921890434311
A,K,-37.028648147596435,-64.95052242879906
A,I,-42.42454278436403,-65.43754609066147
A,Q,-35.7004260079332,-58.84836232847055
A,D,-28.10272896805662,-68.50915011307434
A,K,-24.497589940843362,-101.61972426682539
A,E,-33.89534610361389,-118.12582995619766
A,G,29.118570580606054,91.21894094351849
A,I,128.9668686148841,-115.0605846408881
A,P,146.6846890932961,-58.26396633634493
A,P,-35.36150793447988,-63.34670230485046
A,D,-15.447527574937215,-67.18746644628533
A,Q,-13.535948303757854,-104.79693499374623
A,Q,151.90858122139122,-78.20836466739652
A,R,95.03053074484977,-128.56567425044952
A,L,132.22891673558223,-81.10486209860096
A,I,152.47659059099936,-118.34925452442319
A,F,121.14037913654904,-144.3811587610439
A,A,27.497798577178706,55.057148870009016
A,G,8.272207052004921,88.62830539764899
A,K,119.07636648133443,-117.91151517200362
A,Q,144.5990180860114,-63.25030146031451
A,L,160.80965700382876,-101.66958484760116
A,E,154.1116140199121,-122.48308375988364
A,D,-32.84675512412619,-55.85623981600678
A,G,6.019612485024131,-79.85473680518204
A,R,173.6919799847841,-118.48348156198969
A,T,167.6790174764531,-129.5309192396768
A,L,-44.455928981176115,-58.92389117143202
A,S,-33.02978588437305,-60.00973076429827
A,D,-22.30382134930383,-63.50186904949512
A,Y,8.630675444167998,-110.46322914886929
A,N,8.459909841871848,68.69614759247516
A,I,128.3789370193818,-67.58107302268891
A,Q,-164.5287265992777,-122.10667387641145
A,K,162.5108580745266,-60.903257057665066
A,E,47.12581456355421,41.42392460625337
A,S,150.9393116884006,-119.78640131900393
A,T,144.19533732824414,-106.2377108798099
A,L,173.25603960512362,-127.62891203355119
A,H,134.17171552032957,-132.21815866351193
A,L,119.36631721318996,-89.25232851871684
A,V,165.64318599783576,-128.81584863970747
A,L,151.91137570795493,-103.82642363381318
A,R,-16.023682293481432,-73.66906207469813
A,L,42.98098568701991,53.12769920698447
A,R,97.00238855632044,-22.459228654609948
A,G,21.793099276052896,-90.05524086028022
B,H,160.57741968106706,-150.79736553173734
B,M,-14.929597936885267,-66.33627550995317
B,D,-29.032817326554756,-54.42231605198548
B,E,-11.54442526390212,-92.1660597801289
B,K,23.488220316797946,-69.83203372975213
B,I,136.1102468744611,-61.263727456894856
B,T,154.79846359805734,-130.5579653473796
B,F,83.25042677866467,-124.04897375990772
B,P,-176.16168881467985,-75.02031844770126
B,S,17.450059940090544,-63.65665912196087
B,D,-17.04523347648484,-134.58638367495064
B,I,128.53369355617275,-141.907647202752
B,D,147.39639843509755,-135.0783363442035
B,P,-32.07083865182904,-53.418541468893096
B,Q,-50.732149156402045,-64.02638819529184
B,V,-35.33817374026993,-60.59655770616896
B,F,-38.61713094418076,-62.81205719994916
B,Y,-19.564659573488715,-74.6700548336145
B,E,-34.86599293555289,-100.5349333178663
B,L,166.65348474999104,-62.14566425842449
B,A,126.98120340398837,-50.0532319030371
B,E,-39.63239795720377,-56.80375519297276
B,A,-36.20593992952128,-62.92832110673169
B,V,-45.52685894008372,-66.20662300627662
B,Q,-47.68415644959433,-57.10619725543275
B,K,-46.36250547317169,-63.420910744739665
B,E,-41.32464443333429,-64.77866540954733
B,L,-49.54824883261553,-63.59975226651552
B,L,-40.44595525111348,-58.94211175196223
B,A,-42.10542391648255,-60.626484639092936
B,E,-56.85013847190387,-58.250459497002936
B,W,-38.71271984658677,-58.11368879210049
B,K,-22.53609215642028,-83.52029212370684
B,R,-38.32688161507669,-74.48419759379541
B,T,-39.33112028846155,-68.55998883262666
B,G,-60.9511326511775,93.70976180921743
B,S,11.127162649693554,-81.22012153177825
B,D,21.657490437132317,51.42011144238263
B,F,-65.60425232293137,58.42769094699324
B,H,62.68029029676966,174.57424711452418
B,I,-45.163269611827864,-54.36569413958957
B,G,60.17383681456653,-88.66829227718578
B,H,146.09269935603595,-57.38443516427323
A,Q,157.22110082644636,-131.09231463419664
A,I,153.3015089222628,-138.74693382010153
A,F,98.20363185569738,-106.4436919078113
A,V,102.3067980895884,-87.06163414697753
A,K,123.57721157441814,-72.8363573640627
A,T,161.9186307630049,-69.02633694727237
A,L,-15.649476324205782,-62.142730575516985
A,T,-37.03374101358645,-72.86228472180079
A,G,22.145677280437372,109.01525390299211
A,K,114.19255558616402,-87.63187800994874
A,T,111.54738804745288,-85.89184854851078
A,I,113.35504860660603,-93.6044216897655
A,T,139.84329907626577,-87.51129830846581
A,L,144.0054226843335,-141.93236542649757
A,E,125.82868962563812,-103.86766600547416
A,V,-170.32654998907918,-147.45097153140435
A,E,161.4478304603871,-118.61391527906257
A,P,-23.437281100009294,-57.367553350284844
A,S,10.297923246400664,-99.40154713768544
A,D,128.59243496286064,-67.09075273453305
A,T,153.6683382609632,-74.34936526743347
A,I,-34.874999421435476,-56.40036386376373
A,E,-48.09331179959998,-54.03962270046658
A,N,-50.207198664743395,-64.85711724587864
A,V,-49.16597751365532,-59.93607824688969
A,K,-38.95749799665278,-56.16025683694592
A,A,-36.230905125739525,-65.70778338112427
A,K,-36.0985204515291,-63.33836104373521
A,I,-43.335536808556576,-67.07050647537217
A,Q,-35.62146523389765,-59.45662254462721
A,D,-31.503151975571324,-66.01060292573918
A,K,-32.7057546034733,-94.28607893354125
A,E,-34.14767040243345,-113.45525981560831
A,G,24.48787976146411,91.0878306574401
A,I,125.7910207616784,-108.3406651771265
A,P,149.99812298817025,-60.10483472865744
A,P,-34.67608354234145,-62.25403718014808
A,D,-23.688270499847874,-67.46587080597303
A,Q,-8.079109484018998,-90.99133729331122
A,Q,148.93561033765369,-85.86600354837789
A,R,100.84008011209787,-127.3442391532565
A,L,133.7943387568093,-86.63450628230281
A,I,151.82650329015297,-121.64474148865209
A,F,118.99745733293118,-146.4857652908712
A,A,23.511993190590832,57.549865119737476
A,G,-8.61423456678751,90.31027921138578
A,K,115.69632083743271,-89.81531406675315
A,Q,140.26665408717446,-67.74706150808389
A,L,158.98332993513498,-104.76351548581995
A,E,153.44618792772192,-118.61493737803269
A,D,-38.43360880238201,-54.77196356598116
A,G,13.060447044134824,-83.11690790815678
A,R,174.82880090522917,-119.9709113243631
A,T,166.9197214761829,-130.4871944068034
A,L,-44.806876240555034,-58.45369460926973
A,S,-30.832450725993034,-62.13530947285462
A,D,-30.49151684538185,-60.09514301657393
A,Y,5.197988674540351,-101.40466990004366
A,N,24.706724078269616,56.57862390240249
A,I,132.05107275962774,-71.43261830008312
A,Q,-163.6117440154465,-126.78680063355634
A,K,160.48205007567447,-58.99121349054262
A,E,47.55923237802726,42.55448404548693
A,S,149.95810889239695,-119.83452630812695
A,T,143.8420127763858,-102.3331580196466
A,L,173.4606538383497,-128.57907815610864
A,H,133.83292341136246,-133.37970428486102
A,L,124.420032010435,-88.47328978957505
A,V,159.76133369627462,-129.25055308219243
A,L,148.4675492652352,-89.95292182123069
A,R,-22.471111193358393,-72.70054854021623
A,L,37.919975442219226,57.50429931811783
A,R,7.910728348469274,53.122628366513055
A,G,16.34723722621949,70.42443942992816
B,H,155.8181333387363,-149.96244256057292
B,M,-9.26814662044657,-140.41409583321376
B,D,-14.988375773341906,-77.0782925592083
B,E,135.48751943507006,-142.81256472008897
B,K,45.40277807316776,-151.19275542291652
B,I,134.0826427313656,-55.03461710807706
B,T,156.26464135260514,-130.85618587604503
B,F,83.52250378895124,-122.92079942588911
B,P,-176.3446457501291,-72.38795365288712
B,S,20.48805691231707,-64.31024470625808
B,D,-19.39490336809179,-135.3746741902133
B,I,126.42562746715181,-138.94311839284316
B,D,147.1339675245137,-132.95352667648868
B,P,-31.464106323376758,-53.53948386406754
B,Q,-51.09014457765248,-64.01401641023517
B,V,-33.61036288835093,-61.645836053938254
B,F,-22.11151558467625,-68.18355645364308
B,Y,-15.257433014430482,-89.95219502304266
B,E,-32.51526861359273,-104.83344721786078
B,L,169.9991008355946,-64.22253532022044
B,A,130.7463097153676,-50.58772886941372
B,E,-41.20721165928529,-58.856676744539214
B,A,-35.724920181274165,-62.639915224914986
B,V,-44.703266265200035,-66.02050415438902
B,Q,-48.47009027874913,-56.077006011922265
B,K,-48.59877300130098,-61.79158962304366
B,E,-40.903470820828936,-63.62596059361098
B,L,-46.699200395796986,-67.55831911015247
B,L,-41.65763378266061,-58.09168027273727
B,A,-46.103495911285094,-59.290863633694926
B,E,-57.36066010840221,-53.369430159689145
B,W,-28.333322590750594,-61.93799395685321
B,K,-31.230867039593388,-82.35523333582438
B,R,-29.078670623028042,-81.29733497244739
B,T,-41.44214518416112,-69.12281002073499
B,G,-45.912581110936785,101.51065675949344
B,S,30.258990350625673,-119.46790383682915
B,D,14.531475450343676,57.630823683473224
B,F,-78.16585313886804,52.440107328149836
B,H,47.76830604610722,-152.4075388079975
B,I,139.37260921872922,-58.38824318773441
B,G,47.731841158575264,63.06175836527111
B,H,148.18554847440888,-54.817585543224105
A,Q,157.50709926763295,-123.38621017744939
A,I,157.9976831832119,-138.83139418885847
A,F,97.53998135651128,-111.9498880235076
A,V,102.39714242613213,-87.30666764847868
A,K,122.80365722976276,-71.69796259530584
A,T,162.25887991046625,-68.64663345120174
A,L,-15.242916539816294,-62.30674687155325
A,T,-38.03953105553366,-73.55478104908
A,G,23.88190579685257,108.78064637931416
A,K,113.29989704890323,-89.4388711880066
A,T,110.80174264549713,-84.74093446562641
A,I,109.87122750241569,-90.49176106428774
A,T,141.47066502536035,-80.55547383684107
A,L,157.59971647450047,-142.7829397444613
A,E,130.47738565907713,-107.8885344457828
A,V,-168.26674424702125,-140.36646692430827
A,E,159.56423005282,-129.15054122368446
A,P,-24.650732323699224,-57.43615552850499
A,S,11.293056357329588,-98.72418838682646
A,D,126.38769920461608,-67.32254276633331
A,T,153.44007557309615,-76.92243088118731
A,I,-34.75989397237438,-54.3304290832953
A,E,-51.84623811928748,-52.35939834039827
A,N,-50.896325263514285,-63.77614830238447
A,V,-52.65730839019199,-56.48583712900696
A,K,-38.592220545090065,-56.627036154429554
A,A,-37.1121206182913,-67.22096615442443
A,K,-37.84937864952636,-62.10550386506923
A,I,-42.049414412579104,-67.08481929279029
A,Q,-36.69828386138684,-57.764753180436514
A,D,-27.789969344787345,-67.46898259145638
A,K,-22.198710179765055,-100.72333692791908
A,E,-35.928994331288976,-119.85031864689687
A,G,28.945063227932447,88.79813874476889
A,I,127.64258888329891,-108.340500788227
A,P,144.10916294119718,-58.2807968777299
A,P,-35.03296659297387,-60.74745617237824
A,D,-13.56819938672016,-66.25807825537807
A,Q,-11.304472253639693,-101.83756639434786
A,Q,147.6706920400239,-83.23135087308911
A,R,98.28950712929185,-125.4563608643436
A,L,137.73275578920388,-85.88326963545302
A,I,151.58714779803935,-125.42071673399326
A,F,118.83805760361102,-145.70291019419614
A,A,33.17323095781978,50.725676742767604
A,G,-8.749272377098366,92.10948231938417
A,K,125.16214606912678,-89.96664078377466
A,Q,142.25219738586668,-77.19326363495283
A,L,136.0342292642531,-112.91816213271038
A,E,154.3305703099283,-100.23303674773533
A,D,-33.66025789962752,-56.09788558501021
A,G,3.3776024181885225,-79.70748429601782
A,R,172.24274263849597,-110.18501091796877
A,T,167.8068422926365,-127.70488710719671
A,L,-44.001219678538746,-58.39235189250241
A,S,-30.898281975429253,-60.649305932301715
A,D,-20.66860023293578,-67.49944611736471
A,Y,4.893414414547772,-105.61871452879807
A,N,24.308675924927606,56.57889983855596
A,I,140.7455369738788,-68.62317067840068
A,Q,-164.75333226661166,-128.38176988587944
A,K,160.75713676588217,-61.2799804690191
A,E,47.38405508191924,45.365484466122034
A,S,147.58183737471094,-119.40912704315994
A,T,146.7144372378701,-99.3323684625795
A,L,174.85263567732667,-130.05115459698263
A,H,134.54199487106877,-132.32437259394027
A,L,122.72907981660413,-88.35512967613575
A,V,162.19144536624063,-130.36517076640897
A,L,151.37016692655047,-96.11624027020373
A,R,-28.813816031230473,-68.21580437971073
A,L,39.20659663305407,59.23596857420614
A,R,-30.613590233477588,-61.79782988680783
A,G,25.740866011776273,64.59639666113526
B,H,-36.768386694195875,-64.36628036841718
B,M,162.75381464869525,-140.75477131934562
B,D,4.517968516815842,-143.4565913732677
B,E,142.82853376049235,-148.77345147607303
B,K,60.836610175747595,-152.33224887754355
B,I,133.69447930471344,-55.577470385661826
B,T,154.79507584762175,-131.63360517693286
B,F,82.95857567259299,-125.94384234286433
B,P,-176.19268577384364,-74.57963102403129
B,S,17.40052786288529,-63.93517720367397
B,D,-16.542559572799266,-132.9445840176041
B,I,127.24453795948368,-140.53905928368593
B,D,146.82992154530928,-134.0950965345262
B,P,-31.90070896697218,-53.48974848886516
B,Q,-50.371833462708224,-63.78120338177926
B,V,-34.04550183247039,-61.755420111564746
B,F,-38.6886378703562,-63.57827617418126
B,Y,-19.67238980737532,-73.55081596237596
B,E,-33.830653579996984,-100.90821272916358
B,L,168.2786209663104,-62.563313206355744
B,A,125.49359130818908,-50.22518978583915
B,E,-40.313122233697705,-55.93882230793277
B,A,-36.94441731837645,-62.458449942662526
B,V,-43.35146508532657,-66.11368243273519
B,Q,-47.61330445500194,-58.53314752896426
B,K,-46.25777234030271,-63.42230923491154
B,E,-44.290498113815005,-60.85411713783374
B,L,-49.05582654082163,-64.70648337308245
B,L,-42.09261938004104,-57.981486654121674
B,A,-44.15271041862529,-59.71032155359087
B,E,-56.576540132029244,-55.245771771285575
B,W,-37.64944790575947,-58.685231350582455
B,K,-28.62329944261239,-77.48202142195665
B,R,-31.91006548143197,-75.75232137331935
B,T,-39.45420431760116,-70.5284465738911
B,G,-51.98514851708648,100.12823343018675
B,S,19.845807687208477,-105.28309661531043
B,D,20.861044956171707,51.23153924024028
B,F,-69.35137984929389,57.386891724795895
B,H,60.1442255281206,179.75273374484047
B,I,-38.06396432060213,-50.66348425510961
B,G,59.91307100761148,-92.70309033225895
B,H,141.42894108327258,-58.128930041493746
A,Q,158.16678055650112,-130.83565888785324
A,I,156.29288009820795,-138.08321596468457
A,F,97.60088628673726,-110.82389692882958
A,V,106.16021706834032,-87.01398155045771
A,K,128.2594462067111,-75.15031084889581
A,T,165.31125350665533,-70.39685360866675
A,L,-13.70662100318041,-68.08727505073796
A,T,-43.397669181936145,-73.79354300116394
A,G,15.904589801369456,124.55822151619914
A,K,121.65644038587416,-80.41795261812274
A,T,108.4671770473848,-91.69853866936641
A,I,114.06299280287318,-88.68266804289442
A,T,140.64962210681404,-87.99686026588603
A,L,153.2605752954075,-141.57876604214326
A,E,132.96989615108748,-101.82442800938108
A,V,-176.8006863342067,-145.4028308523667
A,E,159.9498015236482,-122.53649453313906
A,P,-25.4778993299261,-56.84916527403212
A,S,10.233540248341152,-94.86034828202256
A,D,121.76191132606152,-64.09238534554
A,T,151.98824146847002,-70.64986017329542
A,I,-35.062585268658275,-58.36978518954744
A,E,-51.54093088314168,-54.50006995577805
A,N,-34.25656633015965,-69.63199547653966
A,V,-52.941187839013466,-64.67011259244372
A,K,-36.217061269186,-53.9564405660977
A,A,-39.855720877272404,-62.79931166019356
A,K,-36.18363831239854,-66.34211457836793
A,I,-41.57249855346671,-66.50071219975695
A,Q,-35.374353316933735,-60.04550443601007
A,D,-35.385900679128675,-64.01714734110837
A,K,-30.16218995007812,-94.04686759428884
A,E,-27.205641051641038,-117.22037710227633
A,G,32.43251658052261,84.16516676002848
A,I,129.0067556899738,-118.0051126961666
A,P,143.53780840417863,-58.396331950107296
A,P,-39.743124022322,-50.447747140677606
A,D,-20.195296883101772,-63.839139903027736
A,Q,-11.35401852711914,-105.00435820659163
A,Q,144.85963792558772,-73.32651534478819
A,R,97.10873144498132,-126.66898098126936
A,L,136.6295320227923,-83.58519531169863
A,I,148.84740612595982,-122.75166270791972
A,F,116.15981019863031,-142.86082449537233
A,A,29.22922634291241,52.731562124998426
A,G,-4.388873997108336,96.1310447104459
A,K,162.30451663891102,-90.03629879230725
A,Q,144.7191230632326,-115.39028908442828
A,L,140.33210222089633,-112.13297905051056
A,E,154.74680700239256,-103.98909524116809
A,D,-32.28159428824638,-56.258500590816745
A,G,4.181813927815334,-82.5507714502542
A,R,173.5188927747769,-114.46618456575402
A,T,165.96896560427837,-129.31181644154861
A,L,-45.85853029900306,-56.441631502332974
A,S,-32.98855934709199,-58.1041944719067
A,D,-31.43820175862855,-62.44838578617032
A,Y,6.245366403872896,-98.64584832552099
A,N,9.534371815493875,69.89628581198227
A,I,132.35812999488616,-67.35715720997845
A,Q,-163.24029042594222,-122.77675141162851
A,K,162.1270928152926,-58.02019579963342
A,E,45.5083632803621,42.46464512902249
A,S,147.4838629097991,-119.49188746114756
A,T,142.1143953868871,-102.98624742097938
A,L,174.18874378031936,-126.60556845108539
A,H,132.21588947040064,-132.70750555864453
A,L,119.66675833565364,-86.86330686522881
A,V,159.72551417379202,-127.63949807259725
A,L,146.35919880361314,-96.6329733713776
A,R,-20.778407466429343,-75.79745425141282
A,L,20.095947129502672,55.042144576820924
A,R,37.1249135674115,42.73990228294344
A,G,-6.727662524032808,97.68957131211097
B,H,167.08693945310313,-149.35538484650914
B,M,151.3334633885573,-63.959445880717226
B,D,6.31485979003669,-140.88101878143289
B,E,136.41375641782827,-154.774748976867
B,K,43.218691163319264,-142.85885848635266
B,I,131.63365128353718,-58.25915478986414
B,T,153.7724231502042,-132.77159381128922
B,F,83.35017159906417,-123.76019647780697
B,P,-176.01619456730336,-75.03913629382991
B,S,20.2348562505856,-64.15177904688424
B,D,-21.319181285057347,-135.6623492385647
B,I,127.89965661908867,-141.7453655754289
B,D,148.72122207672624,-135.24984329863537
B,P,-28.324396961297243,-52.637702309254095
B,Q,-67.2756600611869,-48.376098136262435
B,V,-32.62331163236814,-63.45381001850921
B,F,-39.2126532213123,-65.39271369049173
B,Y,-26.891512821859212,-72.40991409562761
B,E,-29.30697203118223,-97.06215352531184
B,L,167.998235410661,-63.35454705426287
B,A,127.15248118275387,-49.65763673579866
B,E,-41.49176310638322,-55.73291589255857
B,A,-35.53646450418298,-62.750836585580764
B,V,-43.0047014921473,-69.11302492399435
B,Q,-48.17393094904446,-57.48096714494695
B,K,-50.00612958082623,-61.208171196503514
B,E,-44.45823741269908,-60.04602953783656
B,L,-46.27038786590656,-66.12264720862207
B,L,-41.91938410436677,-59.092494259724404
B,A,-37.67157800621051,-63.16742937778911
B,E,-50.27672532151438,-60.13740017248323
B,W,-30.391407752156013,-67.19557102152845
B,K,-29.565037764325353,-80.80378115276903
B,R,-34.547285347758816,-83.86761131332239
B,T,-38.58900870319922,-65.69540515685766
B,G,-39.78842606645635,102.85867787639718
B,S,18.868806275932883,-124.64756694429501
B,D,12.89250126849047,54.91498752452848
B,F,-69.85471037354506,58.64232183096027
B,H,57.75142424283497,-176.14349543308114
B,I,-40.577641651460226,-51.68942776170694
B,G,58.0156048826851,-91.24993101610318
B,H,149.21325084364548,-55.424290765747905
A,Q,158.02503724232025,-128.21792251090298
A,I,157.62578530562376,-138.74385075912537
A,F,97.0829152919311,-112.07744853017064
A,V,104.56791142938631,-87.2545643068558
A,K,126.28888043638547,-74.83090351381192
A,T,161.29534751681996,-70.22711045946556
A,L,-14.633304973319031,-62.88711780192751
A,T,-43.32765527891576,-74.85336723335321
A,G,16.378775925662175,125.45952319693671
A,K,110.60436742837202,-83.50034953973056
A,T,109.28034848929393,-82.15485325922481
A,I,115.09116030564464,-87.67852625840378
A,T,139.9553600614615,-84.60601711680134
A,L,155.22535116617607,-140.8287704593092
A,E,129.66139303710247,-107.24199060465212
A,V,-170.9712223292683,-143.23985605942394
A,E,161.44804004893686,-125.93113939077952
A,P,-24.03800739409171,-56.872461466318875
A,S,9.368704317482466,-97.63687511943345
A,D,126.47016761486121,-65.00799911491929
A,T,153.10755213922218,-74.20454631859624
A,I,-35.6601924887547,-54.6301125465464
A,E,-50.85236847672264,-52.80110613100959
A,N,-49.60056520389417,-62.50956492952345
A,V,-49.582351363883944,-59.69937227964457
A,K,-38.13324817353589,-56.972367116684026
A,A,-37.6627851224217,-67.08344233162136
A,K,-36.33077834327834,-62.63119022968165
A,I,-43.07946237413991,-67.6754999837316
A,Q,-35.83702629874302,-58.683515384959804
A,D,-30.030756333386194,-66.29066420394892
A,K,-35.759001132158815,-91.6236500181159
A,E,-34.16868627443869,-110.71729121496696
A,G,24.522885199204957,87.87808227883305
A,I,126.4515624433689,-102.10537824328857
A,P,143.26566159072817,-58.628811744143626
A,P,-33.559691251435325,-62.44530724649316
A,D,-12.381599316674064,-67.64426580487635
A,Q,-16.187936065741805,-99.89647759401652
A,Q,146.04040291794786,-80.4805811871388
A,R,96.47755337468108,-124.374034248697
A,L,136.95626870546747,-84.84583632822097
A,I,150.39977501496824,-125.31329513900985
A,F,118.46311333646274,-144.7943977075228
A,A,31.650951172502698,51.01368727810849
A,G,-9.795042321814702,93.33049024930001
A,K,123.84531338338707,-89.09403829318407
A,Q,141.35919382668388,-76.54017399301155
A,L,132.98602924178883,-113.01299194787849
A,E,154.9216636091059,-95.51970288681727
A,D,-33.321779157293044,-56.91414635621531
A,G,3.31764886240233,-80.75332440225381
A,R,171.33439540388736,-109.84776991565835
A,T,167.25326378101556,-126.66703177590782
A,L,-44.3213570663496,-58.317359004395186
A,S,-32.71342900555341,-58.145501106908334
A,D,-19.704253841710443,-66.70456657738183
A,Y,6.081973585767091,-109.36639182749244
A,N,18.86401429273953,59.96782406346686
A,I,131.33689056856053,-68.90919178676636
A,Q,-163.73472784608046,-123.58963798368522
A,K,161.04385875225628,-57.51308866620821
A,E,45.96215752850649,42.450629539955564
A,S,146.20587378602627,-119.65224798840474
A,T,143.98571883840975,-100.60599181882783
A,L,174.11501298092858,-128.12436790035983
A,H,132.04967052424635,-132.60574650250575
A,L,123.82000304543458,-86.8853091094421
A,V,162.64190461129795,-131.32031676712108
A,L,149.57830429466182,-97.31841307351529
A,R,-26.503639623875433,-69.09691007256426
A,L,41.65012132486606,59.6848277884391
A,R,-37.79123872997324,-56.69968623994844
A,G,27.030939292745217,62.75738718726579
B,H,165.54319827146045,-63.44001534562049
B,M,172.56972024712522,-133.3864229002278
B,D,22.890258023460614,-126.74530619625688
B,E,-66.74489864546067,-139.29109539255117
B,K,58.17511649755475,26.624825969888715
B,I,146.88018636300623,-57.62383761337703
B,T,154.51683867906928,-125.42973820299753
B,F,84.83066119300628,-125.48215598281334
B,P,-176.75449678710075,-74.55047203335488
B,S,16.66894754527815,-63.31592357668668
B,D,-17.219027290160202,-133.70091230795563
B,I,126.99746783054584,-139.23142755614845
B,D,147.88912650015408,-134.67214126314664
B,P,-28.745400711300157,-53.30743505909387
B,Q,-50.93041105476076,-63.35557544095347
B,V,-31.97214626737995,-62.59685170864441
B,F,-39.000992217649795,-63.30149505369889
B,Y,-24.65371288886145,-71.00672364169574
B,E,-37.679344386933344,-91.30141152717563
B,L,166.8692309525784,-62.72950096157763
B,A,125.83069684800347,-50.06921354608375
B,E,-38.178928032385706,-56.9115323014876
B,A,-37.107145229992,-62.64665712259496
B,V,-43.36425810966803,-66.16012193897332
B,Q,-46.73954338740029,-58.54817834855634
B,K,-46.10803004620952,-63.76108591882663
B,E,-45.37546703746173,-60.00712263905739
B,L,-47.145326641379796,-65.34510668860545
B,L,-41.24061280073805,-58.11660640399486
B,A,-48.200132881622935,-60.86349235526012
B,E,-50.74430751750772,-51.2023618994061
B,W,-32.189392937519436,-69.79822968713385
B,K,-25.056248013910153,-89.10445417616606
B,R,-32.62011491527775,-84.41621401099984
B,T,-31.404923749892742,-62.61292454856666
B,G,5.979836328069449,86.63855238025657
B,S,6.642745743117172,-160.23690365514273
B,D,12.050352069785323,52.65333890158124
B,F,-69.83234415111194,58.73789416181301
B,H,70.86242717604078,-179.80800328882455
B,I,-28.167519324961628,-55.653781426293435
B,G,57.328788880841195,-102.52624740895257
B,H,144.34326298210084,-57.70314161334958
A,Q,158.39754731589585,-127.83568101974649
A,I,157.58249081075544,-138.28497945829943
A,F,97.52792772065024,-110.99550584682225
A,V,104.38299888822363,-85.5216901315045
A,K,123.72803648890928,-72.32985402090884
A,T,163.39066016018003,-68.47003996028654
A,L,-14.249988969525155,-64.39480394778535
A,T,-37.854065632937576,-74.53166245075457
A,G,23.43465709165876,109.71286716567447
A,K,123.00292054942024,-85.68240717040102
A,T,107.33569763767575,-96.38391227070856
A,I,110.20037637922299,-90.26673264452135
A,T,141.69199939156633,-81.21286505761076
A,L,156.12572128134323,-143.87745394283962
A,E,132.09145762215783,-106.01368380493264
A,V,-168.66948524206762,-144.7717522191303
A,E,162.7172886280705,-132.28408667891838
A,P,-30.506124497401306,-57.69222494460885
A,S,4.61723919124896,-86.17509498156107
A,D,125.61977253337483,-64.69729042305913
A,T,151.16851733012837,-72.8288234954353
A,I,-39.12217051348789,-53.82500536673246
A,E,-51.332590307918856,-51.85882872751364
A,N,-36.168880798925116,-71.91789499485195
A,V,-51.82327810337337,-62.64091144093921
A,K,-35.88291527320884,-54.592571240985
A,A,-38.134633089190224,-65.29057736530257
A,K,-35.950290382244795,-65.37306255078619
A,I,-42.589408235599315,-66.08216914563857
A,Q,-36.665484214021404,-57.28401684930577
A,D,-26.63084438013467,-68.3796475555837
A,K,-15.811576958935413,-107.48879686167575
A,E,-41.78920567145983,-119.03894628754136
A,G,29.52151452603278,95.75669187128794
A,I,129.33016222920313,-115.31467020221142
A,P,147.48268080660512,-59.00478351176499
A,P,-39.707950373784655,-52.25859154432141
A,D,-17.40810159166128,-65.45108819732889
A,Q,-7.324902917077956,-101.52166334528646
A,Q,148.85456412534887,-85.1158737273059
A,R,94.03946048034088,-128.13949085609264
A,L,138.816146496012,-84.28158980234033
A,I,150.6399083277583,-126.2477535088497
A,F,119.04307730469195,-144.10953164400337
A,A,33.28169992325213,49.81753802304745
A,G,-8.022137571527285,92.4245605215712
A,K,123.06562215474784,-91.09179937919035
A,Q,140.81122451946615,-76.40018548378768
A,L,131.54453070071543,-112.08071668138581
A,E,156.76647270767424,-92.08346225027181
A,D,-36.971664293603624,-56.69361310324626
A,G,2.655754682206067,-80.04252824182637
A,R,175.46854651098388,-106.38129003331846
A,T,167.38901398920757,-128.66274748454757
A,L,-40.53464456576726,-61.08396625191199
A,S,-33.6977311501997,-60.66712449185326
A,D,-14.519916144730693,-67.2505022359037
A,Y,6.405928813191008,-114.55626228166575
A,N,22.77539332336279,56.99330939025902
A,I,143.45193511637478,-68.18063173284978
A,Q,-167.75436032597827,-131.79834435931082
A,K,159.61495547690632,-56.18936953822884
A,E,49.20624746839403,40.38318754191677
A,S,148.17791781857744,-120.59670417384326
A,T,140.88851716421368,-102.51581669361576
A,L,175.20269378764155,-123.35912557676266
A,H,134.73681677591318,-132.95212237348426
A,L,121.3314010863022,-90.43667436252967
A,V,157.0922331786612,-128.07915553937423
A,L,150.69069728857878,-91.59816151515773
A,R,-33.04436826441465,-66.8938203122869
A,L,39.04473633303727,63.44466252622411
A,R,-32.531839687724656,-61.83839992346447
A,G,21.065751421574085,68.79379183727676
B,H,-21.612651349288434,-134.5385284145728
B,M,39.570009112286066,-137.86717126812766
B,D,-12.55923733673758,-73.37165535941122
B,E,129.25078518304875,-133.2508974569826
B,K,72.00290462584832,-152.30310273765917
B,I,134.74011876404057,-58.390079058636324
B,T,153.04690907182442,-131.24756718545825
B,F,82.59029746331292,-127.6824946166529
B,P,-176.82535858718995,-73.54572535780288
B,S,18.134667335490978,-64.38793248782403
B,D,-18.475242026304258,-133.61695369741676
B,I,128.2834461134975,-140.89565285476894
B,D,147.44322316879874,-134.63784472463396
B,P,-31.597255233848983,-53.44897682383727
B,Q,-51.12724009041104,-64.35721024156258
B,V,-34.44719136727668,-60.21316825717994
B,F,-39.17689942919949,-62.9676632727477
B,Y,-19.639631485636276,-73.14328185829368
B,E,-34.6121538311803,-101.22321779128144
B,L,166.95663308010938,-61.93009970083086
B,A,126.8013118119879,-49.99771200110102
B,E,-39.41634764226097,-56.98269634025027
B,A,-36.822028121345774,-62.96183626347182
B,V,-43.36018762700992,-66.23175326124904
B,Q,-47.71403038511099,-57.98748296728447
B,K,-46.0432543857151,-63.56238126858178
B,E,-45.379441675107095,-58.96399211849908
B,L,-45.972974543379536,-66.7205495729861
B,L,-41.73428689622849,-59.02301580792432
B,A,-47.663686851343364,-59.60698789389551
B,E,-49.686335816958646,-53.74542918234611
B,W,-36.007498053489705,-67.5959198047296
B,K,-29.874776229045164,-82.51234382346966
B,R,-34.075861717090795,-82.5419947486496
B,T,-37.90447164942536,-65.67635217812753
B,G,-70.2808072090713,117.38195983666427
B,S,26.376490939281187,-103.9006177765893
B,D,19.297789608087935,52.18779199732862
B,F,-68.71750052350741,57.55409834561251
B,H,59.76544807755553,-177.88083128370192
B,I,-37.70425127480597,-50.77908468529063
B,G,63.580546101669505,-93.56098822004839
B,H,146.40595375842463,-58.38913182068445
A,Q,159.82663451418176,-130.19556261370153
A,I,157.2387483411933,-138.28455001708187
A,F,97.42045195726962,-110.54579661422285
A,V,102.78289842691804,-86.91924625132789
A,K,124.09783979001904,-72.11441939755696
A,T,164.2023963291616,-69.02627653168368
A,L,-14.635153335152816,-63.798722876628844
A,T,-37.936735166113216,-74.14716485582237
A,G,23.332975947409544,109.06742995168183
A,K,120.82139674194477,-86.84778915776643
A,T,107.66111934013543,-94.06542845990477
A,I,114.63073132032903,-89.42622881217986
A,T,138.71347548675286,-88.33819837670728
A,L,152.97565906939718,-141.24106081961028
A,E,131.55808628076895,-102.31901491731261
A,V,-168.54888500717934,-143.6434978784929
A,E,161.8603368471349,-132.53748281976402
A,P,-25.338076651163192,-57.173655519814886
A,S,5.2746778510410675,-91.95926744192076
A,D,126.58600915926077,-68.77090587027621
A,T,151.08784649883296,-74.00020350221645
A,I,-38.6695940168158,-55.830479492317046
A,E,-51.35631103023799,-52.778855179709275
A,N,-35.76304964285585,-70.32646869365344
A,V,-51.11268064376305,-62.64418022413914
A,K,-36.895106249789414,-55.55407599971834
A,A,-39.32889159975808,-62.74109657665973
A,K,-36.80396886354469,-65.46740902431154
A,I,-40.48794699172513,-65.9138136894962
A,Q,-36.5929281124773,-59.972867483470544
A,D,-35.59044876083438,-63.786433876429534
A,K,-30.130794710807688,-92.68089714148513
A,E,-36.04323421997904,-115.92579514176694
A,G,28.737002770127575,93.42222266967416
A,I,128.46663338146092,-112.76281416598623
A,P,147.3889652990989,-57.94735609556557
A,P,-31.96394119949062,-61.357464653041916
A,D,-10.593876607577425,-68.90043321558939
A,Q,-15.256333109529272,-107.50913355524588
A,Q,146.76056396034778,-75.71723913597616
A,R,96.00409347358138,-126.32247930110638
A,L,134.22361087107637,-84.28590940615219
A,I,151.7731904805266,-122.06858416786392
A,F,117.3239628393405,-142.36768085528777
A,A,32.734886841858234,49.231926978821186
A,G,0.9668256023919972,98.44560617147361
A,K,128.27336188383939,-117.38066874696588
A,Q,139.18520185668476,-69.0503361460639
A,L,167.57055810323885,-96.65450819397982
A,E,153.8198176893065,-127.19547116662652
A,D,-37.83958093438355,-54.149049048552705
A,G,-5.245769666640671,-77.5164692016307
A,R,177.23735998919,-105.34074487455186
A,T,165.32784037459896,-129.4543372004123
A,L,-44.6361860455669,-57.26507708352716
A,S,-34.59782765366571,-58.91178957522641
A,D,-33.636212132984,-58.85509637367681
A,Y,4.886394004094269,-99.56983859837368
A,N,21.60124252338015,59.82847238371323
A,I,132.3961992818114,-69.34463114308292
A,Q,-164.91746849128975,-123.68465425121153
A,K,162.18235128769194,-62.339774861582555
A,E,47.32760207357345,42.62428957468578
A,S,147.5001021900684,-119.29454301978069
A,T,141.00194329476759,-102.47084614995124
A,L,173.9397959379372,-125.34471011294879
A,H,132.3711720613852,-132.88867879002413
A,L,119.00157585322748,-86.48348087467085
A,V,166.09788056693847,-127.98605866343334
A,L,148.83107071245993,-107.30116065062037
A,R,-22.61299661598213,-71.30225690057227
A,L,40.26660724497573,57.81963732793013
A,R,122.3780886116461,-53.27821625513753
A,G,-35.990272493581244,-62.99738675081616
B,H,-45.83283730119683,-61.63660263698192
B,M,157.23209540045335,-147.59000557714697
B,D,0.29387351792415733,-133.81441319867557
B,E,112.02148766309986,-139.52636745479242
B,K,64.98258486761742,-140.72565110273894
B,I,137.51222368188905,-55.616516474853434
B,T,155.05665925489905,-133.2180677081561
B,F,83.97862219214696,-123.59393716870218
B,P,-176.6207706939518,-74.28078536025959
B,S,18.04261334798995,-64.10589579530722
B,D,-16.247634875989444,-134.22987879702424
B,I,127.47629859768249,-142.30781876192546
B,D,147.15154537240193,-133.4386018503303
B,P,-31.994942963132896,-54.05562329970009
B,Q,-51.541265556359406,-62.968790210718375
B,V,-34.57401978292815,-61.0002372137738
B,F,-38.097709864003384,-63.274020806341795
B,Y,-18.09172828792267,-75.08456681289022
B,E,-34.62321967736741,-102.36069634476165
B,L,167.09313254265072,-62.00049542385212
B,A,127.41986059285864,-49.815961035520274
B,E,-39.29902964351696,-56.20115936992092
B,A,-37.1144441971991,-63.32600186975893
B,V,-44.24419749555002,-66.16549601507874
B,Q,-47.37676851774562,-57.49861273636626
B,K,-46.314382789882615,-63.93353969710785
B,E,-42.973200891572105,-61.10067006919458
B,L,-45.43209394634829,-67.12707533394955
B,L,-39.506810972765926,-60.12356922785068
B,A,-42.7114855500861,-61.30251862248984
B,E,-51.86006156916567,-56.97965443454754
B,W,-29.776597574564548,-67.3468109592236
B,K,-21.385268937306236,-92.3523694057094
B,R,-34.68610900257847,-80.7207571905967
B,T,-39.28558058187477,-64.13208208404735
B,G,-52.0795728682958,120.51513519390261
B,S,34.57626120660584,-134.54095035421335
B,D,13.509827534531217,59.393665637406045
B,F,-71.63649136449618,59.458926158984724
B,H,62.51566950083858,-177.56677774883997
B,I,-39.07014401544732,-53.24676373101737
B,G,58.10166447823942,-88.7583970059631
B,H,140.54666690248078,-55.85681738916027
A,Q,157.05292648374223,-125.51149768656023
A,I,156.18498083869946,-137.22049936834296
A,F,97.8903607763275,-109.7341832352205
A,V,103.67447480089967,-87.37777134443387
A,K,121.7712935314403,-73.51684629689689
A,T,163.223912401179,-67.8043414839275
A,L,-15.279567556730411,-62.47982262885773
A,T,-36.21033664915713,-72.54337128492375
A,G,24.046362161012215,103.70473175937248
A,K,107.55430907378845,-88.38143416349973
A,T,111.27547295790954,-78.89542173817166
A,I,111.24534117409694,-94.7522554988123
A,T,140.199576308076,-84.35811667614223
A,L,153.8832916171689,-141.48161476440112
A,E,132.00222571818003,-104.06068279993939
A,V,-168.1040235814423,-143.73020183725455
A,E,161.73643374328537,-129.25852087882907
A,P,-24.452319243468548,-57.924613142646216
A,S,9.72203539359634,-96.92072173326841
A,D,126.48615365130388,-67.29582290039957
A,T,150.69901809060332,-73.96430366087468
A,I,-38.93900445075135,-55.102348353746756
A,E,-50.86665972259337,-51.91639100463285
A,N,-36.92446080229235,-71.31192106996093
A,V,-51.713387130328826,-61.44897470658271
A,K,-35.546729589413914,-55.06752877430007
A,A,-38.70096963920255,-64.23022051098889
A,K,-33.570520364847106,-66.48674194070306
A,I,-42.20327118108545,-66.7393561081271
A,Q,-35.297001534715534,-59.72780031616272
A,D,-31.767082512277597,-64.5735811989716
A,K,-36.625058018356015,-94.83394929822228
A,E,-37.90785186757465,-107.56864435867429
A,G,17.317352438628347,98.49546576127933
A,I,127.38546990307829,-105.74110936408995
A,P,147.66331983174044,-59.37730994291721
A,P,-34.7473663161392,-61.00438412381997
A,D,-14.437825635320616,-69.87358409475601
A,Q,-15.75391895554671,-98.76845492456414
A,Q,147.5388699718781,-76.43421398788453
A,R,96.53004093406376,-125.0918773627416
A,L,133.41108988911228,-84.24476594976763
A,I,152.32991426397066,-120.39824906866276
A,F,117.49208682513698,-144.83953999731304
A,A,26.888912437830196,55.88290227120575
A,G,-3.324655385701978,92.12791898527759
A,K,117.94370238995059,-105.380940238337
A,Q,146.23493695072767,-65.36043756883699
A,L,159.27081337714117,-106.57020465913834
A,E,153.3149236899413,-119.14349721247036
A,D,-37.11946189106175,-55.65286338642376
A,G,9.30510560583258,-81.9649136968907
A,R,174.62129129072906,-116.06203183132287
A,T,166.6457869550032,-129.36419434089487
A,L,-45.53042455367011,-57.82023275504907
A,S,-31.352804782955076,-60.78303878535201
A,D,-31.466216152772702,-60.911769132352724
A,Y,4.386832892363851,-99.06326447543029
A,N,21.810925298079543,59.65937057158977
A,I,139.5149672811954,-67.79037275505354
A,Q,-165.50822479531703,-128.6874095702009
A,K,162.7297483228087,-58.692054446409095
A,E,47.01112068824344,41.72452212640768
A,S,148.52377417105822,-120.50981816950329
A,T,143.50956309768745,-102.6748982746791
A,L,174.65994927048015,-126.98051800958655
A,H,134.62533430502833,-134.38266200053468
A,L,120.76590939494413,-88.5969022610649
A,V,163.2809880043718,-129.07172859959016
A,L,150.64264267470818,-99.8691181375716
A,R,-26.74059514389068,-70.78710730494396
A,L,38.2918568546011,57.53082755966113
A,R,-36.24256100575083,-60.9765382887115
A,G,10.088600738504056,75.26013852336793
B,H,165.274713400604,-151.96909223846762
B,M,52.57114095168842,-71.99608330003946
B,D,-8.634128996209986,-139.4914339796073
B,E,0.4777048899328142,-136.29574591132123
B,K,32.18984129766569,-83.08292209220522
B,I,142.47699950878106,-62.473400376030995
B,T,158.81864218296124,-133.9620764523559
B,F,84.68163843111745,-122.36124872046405
B,P,-177.05332324734692,-72.78829343776515
B,S,18.53545782996275,-63.58509086756149
B,D,-18.70109020317903,-134.32611434447153
B,I,127.2120433251063,-140.9527900658763
B,D,147.1845895490973,-134.85823841226997
B,P,-32.37244781127335,-53.37912643744519
B,Q,-50.70774216296667,-63.573625571884236
B,V,-32.49438125514266,-62.04297112888502
B,F,-23.641498386989365,-68.78455904474072
B,Y,-16.569228251500792,-87.77407694844332
B,E,-33.13586153559641,-103.6213838315446
B,L,169.50297086105954,-63.60865104221976
B,A,131.37176231612065,-50.08783525693088
B,E,-41.53350110627078,-59.23183009979475
B,A,-37.88524333489722,-60.94039391267643
B,V,-44.83511623029022,-65.01587295803846
B,Q,-47.317363512353054,-56.888999371144216
B,K,-48.282958317530806,-63.137099601525684
B,E,-42.1600393184132,-62.07982906326217
B,L,-48.007612792753534,-66.87057673697988
B,L,-41.98128796794737,-59.115644858064634
B,A,-46.91194887383736,-58.09076744968341
B,E,-54.304358034889695,-54.343312115916014
B,W,-28.432295665927427,-62.88185553292013
B,K,-31.18697864801966,-82.51783720067306
B,R,-29.95136997205204,-81.47035023088937
B,T,-38.783606550327434,-66.71173531907817
B,G,-19.401574892373407,93.82493623471515
B,S,11.747137450802692,-135.1578976627825
B,D,12.297723563581641,53.68373204932916
B,F,-69.83781740699101,60.5039329416467
B,H,57.193182754640056,-177.35332206086701
B,I,-33.12782496624347,-49.43142817760135
B,G,-15.384998595149835,-83.90272231336408
B,H,49.10156984514371,37.21925794556601
A,Q,159.45262244583907,-137.4502259149667
A,I,154.57379482301124,-140.08352448130807
A,F,97.45494703977026,-106.69489147626834
A,V,101.90558726585277,-86.04642337532024
A,K,120.8657081408638,-72.00266147827132
A,T,162.83840096958832,-68.88605926365422
A,L,-15.959471082933295,-61.93546101467604
A,T,-24.204917884308546,-74.50877410917671
A,G,26.08892811976253,90.10034293504611
A,K,106.69149493718689,-90.9609106659406
A,T,110.4165505887477,-77.94030401628352
A,I,116.4901186740583,-92.99552691573436
A,T,138.9617805865223,-90.7149012665325
A,L,144.75666165928374,-142.195400479054
A,E,127.54358495281512,-100.13122943207487
A,V,-173.364409459477,-150.26615644864307
A,E,160.9111202340162,-116.78786715747049
A,P,-34.71395277956918,-55.44664617590298
A,S,13.860237242974387,-98.1808034551462
A,D,140.03646670591655,-79.18138350971779
A,T,157.21404549677638,-79.3256311263977
A,I,-36.33635766472262,-58.14312527309131
A,E,-50.01007803404548,-55.6487587063239
A,N,-39.5210001152549,-65.4140699280355
A,V,-51.701204473204804,-61.7433123041742
A,K,-37.36085088995655,-55.71597550904887
A,A,-38.727775474432576,-63.73455655224006
A,K,-37.52645801755998,-65.67551160982957
A,I,-43.32385287400927,-64.95179501036246
A,Q,-34.62951456898888,-61.28778840258995
A,D,-36.42443252419264,-65.19802858727623
A,K,-29.291254410424138,-91.04248614733714
A,E,-35.44947491421831,-115.40919069331952
A,G,22.600423679377876,91.40943929565955
A,I,126.73105900414866,-105.3915765836252
A,P,143.0978966551068,-60.04634684593781
A,P,-40.478992318473296,-52.462133036763404
A,D,-27.068518431275578,-68.29091886063712
A,Q,-18.229544552470326,-83.11348257132582
A,Q,145.19735671613697,-76.081423067205
A,R,98.1756482536129,-125.85557928975315
A,L,133.5790369915108,-83.96314562007252
A,I,151.4642633003088,-120.07357341507411
A,F,121.86734002034737,-140.85182148880557
A,A,29.558268676839855,49.64422933785483
A,G,3.8949694671026536,102.8495262981953
A,K,139.3736738784615,-128.33269596991525
A,Q,152.90277111972895,-66.22949094211273
A,L,161.72695620725852,-110.5446603543802
A,E,153.34372435981237,-122.12882281866338
A,D,-32.60088267364911,-57.086868852296824
A,G,11.841477132949224,-83.71077716500305
A,R,174.652900442795,-120.57051982250975
A,T,166.43129608460202,-129.8734853903613
A,L,-39.69809624574067,-60.15624945411582
A,S,-34.46738166648762,-61.33038063328069
A,D,-28.871902335366624,-59.623936866721756
A,Y,5.308819439983931,-103.44642410479233
A,N,22.475916695562052,58.489142520875475
A,I,145.25742316926735,-68.34758612077113
A,Q,-170.055179731345,-130.0348352756644
A,K,152.86081067648786,-60.345725835938495
A,E,48.83616178964292,49.152554620894314
A,S,149.29423465776574,-119.52069403521556
A,T,140.1258715967761,-102.46607663303692
A,L,173.5554579508367,-125.25264653872878
A,H,133.29963955502467,-133.80760345920618
A,L,125.5333077714659,-87.00243341056854
A,V,163.80696765257596,-133.71058329914305
A,L,149.36080850327585,-98.19008658644259
A,R,-18.32727231218115,-73.41420930091431
A,L,35.26628667110569,53.92437659067152
A,R,42.64854219555073,37.06296588563388
A,G,57.746000371055935,-78.87581917688343
B,H,156.28670391203823,-152.37934489978696
B,M,-12.019988279043792,-67.37256734514274
B,D,13.606148641083614,-105.51433873390798
B,E,-54.84668956361679,-137.4881081251029
B,K,39.53521482917716,41.52729398833195
B,I,135.76650305687906,-63.509227969783836
B,T,153.14567720123708,-134.2174831184511
B,F,82.6497550802361,-122.44638777644089
B,P,-174.44398118741768,-73.02272391584636
B,S,22.15087227137884,-64.20623662780358
B,D,-23.60978717132343,-135.46331074004905
B,I,126.10160915775698,-137.56023488283512
B,D,149.55230983770468,-134.87230131515992
B,P,-26.730028268849725,-57.49264666706238
B,Q,-51.85845493158255,-64.57400436532916
B,V,-33.816423198597526,-61.112468275456976
B,F,-34.95303803258629,-64.61776154569478
B,Y,-27.621665339354525,-74.4240588931829
B,E,-41.1604747413147,-90.32970509938673
B,L,155.05324856436746,-65.4238313685603
B,A,133.1660215023924,-35.16575783973906
B,E,-45.33990279735149,-55.74661341462944
B,A,-30.6265583169606,-61.93061282991294
B,V,-46.76126319662134,-75.75390008684217
B,Q,-35.35630401573244,-65.73898546113954
B,K,-48.89321133481493,-65.02599247679396
B,E,-44.5006216518991,-59.85885959416671
B,L,-49.173807124359826,-64.08874178453263
B,L,-41.24741962856512,-58.69616814409198
B,A,-46.25872135652103,-58.60256518515646
B,E,-52.77750484340878,-56.66695403597096
B,W,-30.348852181128688,-63.92200898436654
B,K,-28.260192826910217,-91.69365243665133
B,R,-31.066092352940913,-82.29508170257871
B,T,-32.66503933403508,-62.26942432044211
B,G,6.6518395400492984,84.48999129868182
B,S,5.533788550459773,-159.12002238582107
B,D,9.744499360947284,55.517138683911014
B,F,-74.85607721859982,52.4518681897388
B,H,47.719199373419684,-151.89204245192585
B,I,138.5217117610389,-59.535240328199194
B,G,44.84057474412017,65.48981287912767
B,H,140.8515410576394,-57.99179235696256
A,Q,157.15795607062654,-132.96879725935224
A,I,154.53068904681618,-139.39551626467932
A,F,98.57843072340859,-107.84904097724606
A,V,102.35640569310877,-86.4515310242942
A,K,121.80604220560232,-71.02362610007127
A,T,162.83626434098025,-68.25063867282095
A,L,-15.501248844518933,-62.42798362071538
A,T,-42.54989122781176,-72.65292225929092
A,G,24.722463797115783,113.07460311982193
A,K,109.63782524156775,-86.12204121239282
A,T,110.13445527857616,-81.25158833466942
A,I,111.536922115319,-93.59975349646504
A,T,143.95924050404088,-83.66873303761649
A,L,149.24466956218325,-145.43217421127963
A,E,128.4317457235761,-106.16318108003262
A,V,-168.4060295977246,-149.48004814841815
A,E,158.7091902314382,-123.39566889569281
A,P,-32.230504588225884,-54.88265162312286
A,S,6.517405429955649,-92.06632927694609
A,D,136.99191800297442,-81.56459090041855
A,T,153.78429606361817,-77.39747809498613
A,I,-35.69803303813579,-57.759098899793194
A,E,-50.233693503889654,-53.80786534170735
A,N,-40.00677063229087,-66.81449731108279
A,V,-51.744246401066626,-61.68846733705367
A,K,-35.7335642001117,-56.98218562001301
A,A,-38.55709575734287,-63.88171496564223
A,K,-36.307350222129806,-64.75395474348704
A,I,-42.99925457540437,-66.09925120899912
A,Q,-37.1172268755931,-58.720492617207164
A,D,-28.87604473286627,-66.81080534230765
A,K,-23.829856802299375,-102.081029169412
A,E,-28.160041891859734,-121.05123616399429
A,G,26.956644719620083,86.51723326107643
A,I,127.33496654690552,-113.36784757183909
A,P,150.07979495312594,-59.32634197906906
A,P,-33.81381804191103,-61.968142580649065
A,D,-17.88928114016014,-65.72434458119744
A,Q,-13.678172671679288,-98.88059463565955
A,Q,145.47513866887354,-81.78206342085187
A,R,96.25079242589885,-123.28994168054084
A,L,135.3225379547833,-84.37630079003956
A,I,152.37488127719766,-123.62685859875961
A,F,119.49092905183578,-145.74765220529704
A,A,25.349668691704498,56.934155305293835
A,G,-5.014693606910834,89.02222186325768
A,K,119.9648185414619,-97.90334337054311
A,Q,152.60647011775103,-67.1800814049161
A,L,157.7510047410198,-115.77566224289208
A,E,154.37693180362328,-123.06369733113428
A,D,-39.07216473753337,-52.59108087627594
A,G,7.5640683170934215,-78.17507764455758
A,R,177.4167942549467,-119.42350130590738
A,T,166.81289684153063,-131.36591586377733
A,L,-44.86393671901144,-57.5209308551055
A,S,-33.78169286235719,-58.18732700485542
A,D,-36.0580030044449,-59.43637044248152
A,Y,6.362080542114338,-95.51006540023106
A,N,18.936890155791634,59.12160744439965
A,I,133.92735080606252,-67.5437290213261
A,Q,-166.487063563998,-121.92671064379157
A,K,162.31010381732375,-61.60309987514181
A,E,48.0132271798047,41.96219119875913
A,S,151.09540605909208,-121.54685581981785
A,T,145.3272788649589,-102.91619669800784
A,L,173.54292305877314,-129.4315024610637
A,H,135.22140335980745,-131.9947596824211
A,L,122.14058216542828,-90.42502127318227
A,V,159.38494884543923,-129.1428066387081
A,L,151.95239467487647,-91.8776644583465
A,R,-24.17228445878539,-72.17141434980682
A,L,39.64105909737717,58.6140161497481
A,R,-33.99260326192495,-59.93371363432579
A,G,-69.95021211502709,78.88666578187187
B,H,160.1540620030873,-140.86098934295896
B,M,161.3719861636954,-69.86318939537864
B,D,-6.994663302709927,-119.9043050972369
B,E,139.71131220764173,-152.3283133164889
B,K,90.76149688758635,-170.10762372163475
B,I,140.5443724449504,-61.283828967595525
B,T,152.80050583761047,-125.70488253085665
B,F,83.47398926234987,-125.41342001428504
B,P,-175.8681756488072,-74.08451170510934
B,S,17.36574447449678,-63.68041274391559
B,D,-20.801102443882655,-131.6863648358013
B,I,126.61853051102827,-141.48675540509257
B,D,148.0958565932103,-135.077476175386
B,P,-27.79256734548402,-52.94895937293573
B,Q,-68.30067645339446,-48.88005825274135
B,V,-31.742334254990002,-64.35625176676369
B,F,-39.607927379500964,-63.2867292661409
B,Y,-19.074501679788874,-75.75027290650631
B,E,-33.63934034679726,-100.14028747487586
B,L,168.41094806373934,-63.39454317757963
B,A,125.40965251346799,-49.64598901733221
B,E,-39.40779978443429,-56.05128484578562
B,A,-36.4903137986734,-62.91302098271681
B,V,-45.1526435933894,-66.19290086869238
B,Q,-46.647534729519755,-57.520728758874434
B,K,-46.54202333695116,-62.850999258045505
B,E,-48.516818494117096,-58.37217714469756
B,L,-49.59426588794179,-63.38149056493899
B,L,-42.208596555083574,-57.898324020542134
B,A,-44.86619421843107,-60.16942306114108
B,E,-49.568043412907585,-59.269493118631
B,W,-31.342185288614854,-64.78471388314884
B,K,-25.757984551473495,-90.13931285244442
B,R,-32.98394747604936,-84.48515191748439
B,T,-37.53503636844156,-62.72414674739193
B,G,-49.46942386356937,116.77348330545182
B,S,31.08605006794765,-133.76669398157836
B,D,19.984585767246312,54.74939876128257
B,F,-71.89319631967372,58.58351389626445
B,H,62.59364716047404,-179.63125272732537
B,I,-36.76654452831566,-51.19027285826998
B,G,54.586411656889,-95.94099883106828
B,H,151.86544100436885,-51.025610048942376
A,Q,159.5049007501164,-136.45959637803375
A,I,153.75497601802044,-139.46633319310988
A,F,97.52138262846478,-106.45913594881506
A,V,104.22560129201192,-86.21014584092232
A,K,123.2295039767792,-73.20064115054818
A,T,162.3748063469514,-68.94911626651758
A,L,-15.652293316684979,-64.30907576251045
A,T,-40.687495588719315,-71.9964580765949
A,G,19.31694587024484,117.05726638554829
A,K,117.27468591346582,-82.69344492991361
A,T,107.04867068605803,-86.6263757354519
A,I,114.95616427302097,-91.32754850834928
A,T,137.3654887771779,-89.47058197169072
A,L,143.43782675668825,-139.4298995870018
A,E,127.17403999406872,-101.8216137062551
A,V,-169.1076201353645,-149.2211077919342
A,E,158.89271143199485,-122.22398449324994
A,P,-31.516563301138113,-55.51891611616374
A,S,12.847199131070253,-98.81767345325522
A,D,140.12101851969945,-81.85675342444925
A,T,155.29201910849358,-79.15429929331447
A,I,-36.68087997087992,-56.72433953371074
A,E,-51.536540432528426,-53.88738030485797
A,N,-39.78822575078436,-65.84152160527827
A,V,-53.65097608201514,-62.464258752661856
A,K,-35.95132753077022,-57.401563342480294
A,A,-37.691692771023604,-64.4935902691027
A,K,-35.61422357894727,-65.01564286823802
A,I,-42.99955718957786,-63.300595973569386
A,Q,-36.99015444609814,-59.40319282786748
A,D,-35.640448350193935,-63.82075446655865
A,K,-28.15559598468909,-95.12652764261132
A,E,-37.20295055951101,-117.35204510760424
A,G,28.865011615468887,94.84980519992325
A,I,129.15467780527425,-113.96529039734145
A,P,148.78447903261994,-60.0319637543028
A,P,-34.3928984892326,-61.051958860013706
A,D,-15.617188128121956,-66.33024933723962
A,Q,-10.290945635962133,-103.0074256304225
A,Q,147.84051451075905,-81.2141157410199
A,R,105.76251301861933,-123.7892674594719
A,L,136.8129471871498,-88.94219865374902
A,I,147.83680457654458,-122.81508886937074
A,F,121.03287232582188,-141.70642277720924
A,A,24.177717521388107,52.68419993752201
A,G,7.309497110748055,101.31725810939068
A,K,158.92589812361834,-121.87837342190376
A,Q,149.63635411952714,-111.93477166392397
A,L,150.9824979229645,-112.78871032724979
A,E,153.94239547254858,-112.63007741005133
A,D,-37.983683251634034,-53.711379091737236
A,G,-3.4926522440068766,-76.4338820579001
A,R,177.01936351561824,-103.58746148331382
A,T,167.71421316168434,-130.7046098874336
A,L,-43.09516051566604,-59.19000630735183
A,S,-32.97935273291442,-59.73624677344258
A,D,-20.325693121447543,-65.57671616076237
A,Y,6.838520004328334,-108.76086341544746
A,N,20.208990252749658,57.69562581894118
A,I,136.08187388593572,-67.49011923435656
A,Q,-165.63576700466623,-123.09050439075018
A,K,155.68597541367802,-63.238095793850796
A,E,47.494429143615704,49.25953605244672
A,S,146.72750600466085,-118.47226828647658
A,T,140.67052216532292,-101.10722213346095
A,L,174.4210567094852,-127.33643210355876
A,H,136.73693033111442,-132.7025294874464
A,L,127.58105038119878,-89.94793567758288
A,V,161.5553960010036,-133.4555620703837
A,L,152.83545126992826,-89.07104032978042
A,R,-26.006547704106673,-70.90223941240731
A,L,37.06022824923593,56.98948116803681
A,R,-41.90109504870977,-57.57174043613521
A,G,-53.75374434539857,77.65844693547534
B,H,159.8418912926663,-149.46924017158827
B,M,-13.562292564588278,-64.40724885132651
B,D,-28.81724504112359,-53.43140429199204
B,E,-14.119282432987172,-77.96612892765054
B,K,22.61668323254138,-77.61165012723185
B,I,137.9948732704239,-62.94907259586574
B,T,153.4775470792068,-134.81507891076072
B,F,82.92831760689522,-129.44140567820514
B,P,-173.09426084767642,-73.256050562734
B,S,11.974608837713294,-60.967567885832615
B,D,-19.428036043415307,-131.18715062404758
B,I,128.9058033709802,-139.18277688475925
B,D,147.82828095043718,-135.58124831458727
B,P,-29.97034630869108,-54.39000115589071
B,Q,-54.55805959021884,-58.76219990222093
B,V,-33.39999536290292,-65.38343405556019
B,F,-40.66461487424484,-62.31780950088361
B,Y,-20.876650957537084,-73.44035804137438
B,E,-33.841801658005245,-98.80777734311675
B,L,169.00682029498446,-64.22144035360668
B,A,124.27749538002743,-48.98610069546952
B,E,-40.32509870607786,-55.74828883520864
B,A,-36.22187621553807,-63.24672500157549
B,V,-44.38944830421047,-66.85747000068251
B,Q,-47.41640100801824,-57.68151051054792
B,K,-47.13093651108838,-61.99988989159599
B,E,-45.57208485776134,-61.63691879075997
B,L,-51.58734463636212,-63.015891721134615
B,L,-39.76878428659701,-59.713113235322936
B,A,-44.81453818056397,-59.553077035338625
B,E,-49.982235634135165,-59.76403112130157
B,W,-38.97119229267695,-62.6027087343859
B,K,-24.235801863639093,-87.93722625912991
B,R,-37.671847897739795,-78.66875532566496
B,T,-38.07372827359018,-68.93889204395748
B,G,-59.8647202160752,94.36176083732406
B,S,7.168081223942215,-79.33816579743828
B,D,21.026659720558506,52.41905379155411
B,F,-67.99107483085105,58.23767433165849
B,H,56.7720245507463,-178.48744978892185
B,I,138.42006491895262,-53.870864359486674
B,G,-20.544963388119335,86.40567781164208
B,H,43.49919385098958,44.795334758417425
A,Q,157.4518706038625,-126.33428619210495
A,I,158.04479424678487,-138.16615039190987
A,F,97.89670573701572,-111.80338518165846
A,V,101.29760595823642,-86.67238543683953
A,K,122.30575240790982,-71.83470316582284
A,T,164.4865754343057,-68.58650283964855
A,L,-14.97195378487822,-61.65051080614025
A,T,-33.43891249406349,-83.80327617307556
A,G,26.95907926617828,107.61073814304285
A,K,100.12430340185975,-83.02238020417781
A,T,111.922090089651,-75.42387120232948
A,I,114.03841849972137,-93.95022593158339
A,T,142.3313501287061,-87.14664644999402
A,L,156.7753250264851,-143.60927443448367
A,E,131.63651079668267,-106.65522579507913
A,V,-168.04946144217982,-144.53331636121197
A,E,163.31318220672463,-133.68361030627682
A,P,-31.709377308985268,-56.14218021021283
A,S,5.247238685874418,-87.59213265196966
A,D,125.4655072620884,-65.4386119420585
A,T,151.51617781660963,-72.65394478741155
A,I,-37.239051852018555,-55.366841692580294
A,E,-53.0184212253721,-49.90549949467318
A,N,-35.63354992898115,-73.89483367416548
A,V,-52.3979583717399,-62.110852003539236
A,K,-37.38356474523544,-55.457935949149544
A,A,-39.94583990706493,-62.41225754785548
A,K,-35.948235405326415,-65.90225918846966
A,I,-41.30592866357567,-66.50477512128506
A,Q,-35.434893331831596,-59.9828338265581
A,D,-36.51652717145737,-63.49212645633919
A,K,-29.313404185257063,-91.35881216490009
A,E,-35.580102618245505,-113.57096698758909
A,G,27.018979041356896,87.15090902296292
A,I,126.01759077109438,-108.54080207322002
A,P,144.85697308596394,-56.2363790560973
A,P,-34.624966718915026,-62.6254421185757
A,D,-4.134418005818328,-77.60838288389988
A,Q,-14.611782572177372,-99.94991116722302
A,Q,145.31529789263672,-80.02147773426258
A,R,96.17171487995668,-123.50350199799234
A,L,134.7418761805108,-84.59224940278814
A,I,149.0904602237075,-122.76250159283646
A,F,115.4748957645522,-142.6047221872239
A,A,28.67949867888636,52.21154649371759
A,G,-7.708546094951391,97.92386880629779
A,K,155.3214290924562,-81.8137882307948
A,Q,130.64957639208345,-114.40361574721899
A,L,141.5081649519985,-103.14998104580798
A,E,155.42414510156024,-103.82522585382677
A,D,-33.11548853475839,-57.2889813339385
A,G,5.505950270181364,-81.33966123080684
A,R,171.59456275339758,-112.63940491351468
A,T,167.67343113565465,-126.57457483246387
A,L,-42.014353529240815,-59.89973556356313
A,S,-33.44816851060623,-60.32247998970472
A,D,-12.65702440262463,-68.39156145721809
A,Y,5.633934893138528,-114.78608655309635
A,N,9.371727371538677,67.92972609894454
A,I,131.1184963212335,-67.29582084837588
A,Q,-163.30796727944252,-122.3123076724997
A,K,165.30080356605762,-61.41103706491351
A,E,46.10323605708245,41.07682441696507
A,S,149.88564568663264,-121.35271194142327
A,T,142.77108638936062,-104.09837348345522
A,L,174.49133302174187,-125.26191884799262
A,H,131.31943602058513,-132.76285924053062
A,L,121.45020992465334,-86.0249492169521
A,V,164.92007415402432,-131.04791580765104
A,L,149.3272340324655,-102.62536284726718
A,R,-23.192893584541274,-68.0486427257503
A,L,42.849738190243976,55.83885690143208
A,R,137.46208642992895,-52.65108377239472
A,G,38.38426935156311,-78.73672656934933
B,H,161.0836319064291,-152.867034366191
B,M,139.78333120228615,-143.12373673142525
B,D,6.566920250479777,-147.663318062379
B,E,-140.3527393954921,-148.86418756150238
B,K,63.00146401152858,45.674984144117566
B,I,136.16239879729494,-43.422463129787204
B,T,154.32644011371406,-103.39659806881998
B,F,87.27085191847593,-119.87621594977314
B,P,-175.99520014531808,-74.59362254785417
B,S,-2.858085935639984,-61.03121946924945
B,D,1.752252000881842,-129.58806349266808
B,I,119.8512885286578,-138.49296234167258
B,D,162.0134025675762,-128.3484459397264
B,P,-36.37643758392446,-53.153395474834646
B,Q,-57.608202172180185,-60.95891783108089
B,V,-31.3310248310331,-62.13133627260737
B,F,-38.05944159169856,-63.152681226689005
B,Y,-16.852211474625406,-76.92660284328329
B,E,-34.189303451938436,-103.7543646073206
B,L,166.86185015672783,-61.55215535117716
B,A,125.50123024868539,-48.48269937928219
B,E,-38.9817531752606,-56.133308061081316
B,A,-38.461563635442666,-62.37170247607899
B,V,-41.94904348894184,-65.68595386198724
B,Q,-46.29010502753669,-58.796486208561774
B,K,-48.4867800447942,-63.50060286547013
B,E,-48.9766285628833,-53.45743166132031
B,L,-46.242272723356926,-67.86227066780532
B,L,-40.44411410538751,-59.220160708806866
B,A,-42.57877307060055,-62.428334465469575
B,E,-49.664639484111056,-56.91672680672619
B,W,-32.18681832743151,-68.39675683186007
B,K,-19.272338079602783,-91.78698092953316
B,R,-36.84754852887945,-82.67952023366459
B,T,-37.457453904545915,-63.03963660951955
B,G,-69.07870571613955,113.95118304212876
B,S,31.37728731007755,-106.75957473700593
B,D,13.429949008741477,54.56997390708188
B,F,-72.83699437255282,57.93040121749234
B,H,67.91400434641466,-178.11968255505846
B,I,-25.837554172530197,-57.70049522604652
B,G,52.353648300819025,-105.00673538399437
B,H,135.20315497518257,-50.77421580056826
